sheet,participant,condition,start_choice,stop_choice,turn_s,start_time_s,outbound_end_s,return_start_s,stop_time_s,outbound_duration_s,return_duration_s,outbound_speed_mps,return_speed_mps,outbound_vertical_mean,outbound_vertical_sd,outbound_vertical_range,outbound_lateral_mean,outbound_lateral_sd,outbound_lateral_range,outbound_ap_mean,outbound_ap_sd,outbound_ap_range,return_vertical_mean,return_vertical_sd,return_vertical_range,return_lateral_mean,return_lateral_sd,return_lateral_range,return_ap_mean,return_ap_sd,return_ap_range
SWEAT_001DTGTRIAL,SWEAT-001,DTG_TRIAL,turn,turn,12.089838072311046,0.5898380723110463,10.089838072311046,14.089838072311046,23.05,9.5,8.960161927688954,0.3157894736842105,0.3348153776919267,9.28625095473684,0.6964838438677353,5.580764,-0.7327531694736843,0.5884406500584903,4.560791,3.086908568421052,0.6853769627108259,4.344799,9.322963481026786,0.7612222554894239,5.747942,-0.6555723270089285,0.5751544047218596,4.578609999999999,2.977558430803572,0.6563657033584357,3.668744
SWEAT_002DTGTRIAL,SWEAT-002,DTG_TRIAL,turn,turn,11.96,0.9600000000000009,9.96,13.96,22.6,9.0,8.64,0.3333333333333333,0.3472222222222222,9.504686702222225,0.5874642149059202,4.584458000000001,-0.1107055155555555,0.5004669672940005,4.098625,2.378203147777778,0.6165254441805926,3.21633,9.51320160185185,0.8485635030563382,7.101999000000001,-0.1056089050925925,0.6419328622944961,5.552654,2.3878426678240743,0.7201480118550634,4.120931000000001
SWEAT_003DTGTRIAL,SWEAT-003,DTG_TRIAL,thresh,thresh,7.13,0.53,5.13,9.13,14.38,4.6,5.250000000000002,0.6521739130434783,0.5714285714285713,9.734451336225597,1.1660853482651503,7.994141999999999,0.3327538134490239,0.7721183420553563,4.955280999999999,0.869010535791757,1.041067773576157,5.260245,9.695266505703424,1.0504867470252444,7.673926999999999,0.2854695627376426,0.6655518079386586,4.502179,1.3260299600760457,0.976052324482068,6.215718
SWEAT_004DTGTRIAL,SWEAT-004,DTG_TRIAL,turn,turn,9.14,0.0,7.140000000000001,11.14,20.14,7.140000000000001,9.0,0.4201680672268907,0.3333333333333333,9.676587713286713,1.3490373926548542,13.255317000000002,0.4387228895104895,1.1908421389364534,8.590129,1.3222320265734266,1.4671975491544504,7.664465999999999,9.689002815760269,0.8459405208614309,5.793951,0.3975710998890122,0.9547044539644306,5.575648,1.1802201465038848,1.0187989813134446,5.510638999999999
SWEAT_005DTG TRIAL,SWEAT-005,DTG_TRIAL,turn,turn,13.91,0.4100000000000001,11.91,15.91,26.71,11.5,10.8,0.2608695652173913,0.2777777777777777,9.172846569565218,0.5410288790464524,5.464362,-0.65291298,0.4567046020671896,3.964016,3.4527167973913047,0.5171513299133275,2.9250080000000005,9.143750187962963,0.731118313616578,6.177118,-0.6870876777777778,0.5164537319206194,3.485876,3.4941489657407407,0.5533049007446358,3.221693
SWEAT_006DTG TRIAL,SWEAT-006,DTG_TRIAL,turn,turn,12.59,4.59,10.59,14.59,20.59,6.0,6.0,0.5,0.5,9.231313931780363,1.3197798077095149,8.45934,-0.2670875191347753,1.4588515066474634,11.69356,3.3120578685524125,1.4051987055035071,10.61311,9.196239427620633,1.305422733193054,9.660756,-0.3403828452579034,1.3536103395906065,14.534542,3.361728640599001,1.2671822965345592,10.032685
SWEAT_007DTG TRIAL,SWEAT-007,DTG_TRIAL,thresh,turn,14.14,2.96,12.14,16.14,24.64,9.18,8.5,0.326797385620915,0.3529411764705882,9.384770627856366,0.7113431585084041,6.885121,0.030367478781284,0.534396717317916,3.870306,2.8369178759521216,0.6689301587582382,3.530601,9.307646888366628,0.9530961908711068,6.389047,0.118507044653349,0.7969257249485052,5.3967290000000006,3.074283522914218,0.7346486526537417,4.278955999999999
SWEAT_008DTG TRIAL,SWEAT-008,DTG_TRIAL,thresh,thresh,7.11,2.73,5.11,9.11,14.37,2.3800000000000003,5.26,1.260504201680672,0.5703422053231939,9.31323679916318,0.9298001699208888,8.275345999999999,-0.2560435188284519,0.5409689104748845,3.428022,3.123008175732218,0.7937458505233947,5.259378,9.48815928462998,1.129271003551199,9.564820999999998,-0.3428398102466793,0.9414241268995897,8.036162,2.313488669829222,1.190850639309,5.3953940000000005
SWEAT_009DTGTRIAL,SWEAT-009,DTG_TRIAL,turn,turn,19.26,7.760000000000002,17.26,21.26,30.76,9.5,9.5,0.3157894736842105,0.3157894736842105,9.509803848421052,0.598466704844507,3.804669000000001,0.3970494263157895,0.6115225880167807,5.074831,2.33825186,0.6921257565816903,3.802441,9.429924921135646,0.554048016594899,4.31181,0.4955779537329127,0.5292009648517182,5.291739,2.652884045215562,0.580071893931406,3.2406340000000005
SWEAT_010DTGTRIAL,SWEAT-010,DTG_TRIAL,thresh,turn,11.86,0.12,9.86,13.86,23.86,9.74,10.0,0.3080082135523614,0.3,9.475314464615384,0.6191911665928711,4.938935,-0.0231768656410256,0.7292412380635512,6.612688,2.536766682051282,0.6010655136938303,3.346182,9.479174426573426,0.6197010653863086,4.712769000000001,-0.0539962257742257,0.6810461609163421,5.4460180000000005,2.4970072727272727,0.5763756296872597,3.844393
SWEAT_011DTGTRIAL,SWEAT-011,DTG_TRIAL,turn,turn,25.69,9.69,23.69,27.69,41.69,14.0,13.999999999999996,0.2142857142857142,0.2142857142857143,9.139196137142855,0.483431857074825,4.724399,0.07210258,0.3745312993067765,2.451423,3.572076316428572,0.5058294397037594,2.844152,9.24539086152748,0.380078253338597,2.344664,0.0558114489650249,0.4132788756372114,2.6690940000000003,3.269127498215561,0.5469616766985491,3.3104630000000004
SWEAT_012DTGTRIAL,SWEAT-012,DTG_TRIAL,turn,turn,26.39,12.39,24.39,28.39,40.39,12.0,12.0,0.25,0.25,9.252440510407991,0.4308231148337206,4.20437,0.0163043980016652,0.6035222324952162,3.237855,3.212170503746877,0.6445017558032062,2.68909,9.240554631140716,0.6364446587483499,6.235737,0.1153001390507909,0.7917341657261575,7.499112,3.260101970024979,0.796136153696593,6.47499
SWEAT_014DTG TRIAL,SWEAT-014,DTG_TRIAL,turn,turn,10.36,1.3599999999999994,8.36,12.36,19.36,7.0,7.0,0.4285714285714285,0.4285714285714285,9.370784009985734,1.0548908212280452,6.653303,-0.6874255820256775,0.713577256875998,4.063581,2.818278776034237,0.7541378686197083,4.163044999999999,9.35183168473609,1.2005980679917416,6.926597999999999,-0.8040583195435094,0.950963893170568,6.19047,2.852697994293866,0.8762894829820022,4.5415790000000005
SWEAT_015DTG TRIAL,SWEAT-015,DTG_TRIAL,thresh,turn,7.15,0.0,5.15,9.15,15.65,5.15,6.5,0.5825242718446602,0.4615384615384615,9.21365139728682,1.3267410354614897,8.450476000000002,-0.3309543740310077,1.2914792730591165,9.179668,3.419682852713178,1.2165182090880118,8.19293,9.201055228878648,1.1984584013505344,7.965206999999999,-0.3482909324116743,0.8952859603336686,6.070103,3.3535924869431644,0.8490848908634718,4.53594
SWEAT_016DTG TRIAL,SWEAT-016,DTG_TRIAL,turn,turn,8.93,0.4299999999999997,6.93,10.93,17.43,6.5,6.5,0.4615384615384615,0.4615384615384615,9.52770341781874,1.149509795490543,6.999427999999999,-0.3728074239631336,1.024227271911113,5.981897999999999,2.316166967741936,1.0414304777120575,5.111801,9.548490689708142,0.8894377008206549,6.203036000000001,-0.2003322258064516,0.8569021976497765,4.997447,2.20404800921659,0.922939567169015,4.319566
SWEAT_017DTG TRIAL,SWEAT-017,DTG_TRIAL,turn,turn,9.13,0.0,7.130000000000001,11.13,18.96,7.130000000000001,7.83,0.4207573632538569,0.3831417624521073,9.411655026610644,0.8798185293376808,7.295278,-0.2930717619047618,0.66414654917453,4.041572,2.728561655462185,0.8261064144422678,4.905685,9.367334738186464,0.9167951014687316,6.066097000000001,-0.2691792630906768,0.7486953265221539,4.200688,2.783236703703704,0.9295663393286874,4.944391
SWEAT_018DTG TRIAL,SWEAT-018,DTG_TRIAL,turn,turn,12.95,4.949999999999999,10.95,14.95,20.95,6.0,6.0,0.5,0.5,9.508098239600663,1.0033748644188851,8.398869999999999,-0.0904301680532446,0.8007401796652476,5.751618,2.37147837437604,1.0157188609976815,6.107604,9.352312973377703,0.9093921175119772,6.727398999999999,-0.0391496439267886,0.7412885921885943,4.817382,2.961879836938436,0.8026660184429107,3.793555000000001
SWEAT_019DTG TRIAL,SWEAT-019,DTG_TRIAL,thresh,turn,22.9,4.14,20.9,24.9,39.4,16.759999999999998,14.5,0.1789976133651551,0.2068965517241379,9.48926888789505,0.3747511621485077,3.217123000000001,-0.3900626231365533,0.3959455264861396,2.615672,2.406133717948717,0.5353056036183071,2.753026,9.48010150034459,0.5830601964758428,5.650716999999999,-0.5526078249483115,0.6251422587473361,5.030737,2.3339773301171607,0.8189449704800323,5.057349
SWEAT_020DTG TRIAL,SWEAT-020,DTG_TRIAL,turn,turn,12.83,4.33,10.83,14.83,21.33,6.5,6.499999999999998,0.4615384615384615,0.4615384615384617,9.227777619047618,1.142790698613365,8.852856,-0.2570324592933947,1.0248788316250828,6.881959,3.301374952380952,0.990550572013798,4.994424,9.26026599231951,0.9720653574383354,6.544251000000001,-0.2300205591397849,1.1356795029820037,8.628776,3.233313864823349,0.9528961968714794,8.422752000000001
SWEAT_021DTG TRIAL,SWEAT-021,DTG_TRIAL,thresh,turn,13.96,4.08,11.96,15.96,25.96,7.880000000000001,10.0,0.3807106598984771,0.3,9.588579539923956,0.990129530624172,8.957972,-0.0848571115335868,0.8246480661916159,6.061873,2.1803559226869456,0.7517366008015723,5.504082,9.502819833166832,0.807882406638128,6.638769999999999,0.0842652727272727,0.7013006256104845,6.371092,2.584965797202797,0.7753325935036195,3.845682
SWEAT_022DTG TRIAL,SWEAT-022,DTG_TRIAL,turn,turn,12.09,0.0899999999999998,10.09,14.09,23.95,10.0,9.86,0.3,0.3042596348884381,9.217654132867134,0.6714647577962457,5.033975,-0.4715888641358641,0.6653675734626643,4.318169,3.425846036963037,0.6860455915116918,3.4004,9.134029889452332,0.778900067913092,9.156305,-0.3743668103448276,0.8243221235858138,6.453665,3.664423024340771,0.7309786164240666,5.619195
SWEAT_023DTG TRIAL,SWEAT-023,DTG_TRIAL,thresh,turn,12.57,2.8,10.57,14.57,22.57,7.77,8.0,0.386100386100386,0.375,9.307287379177378,0.6142161348537376,4.801532,-0.7833149177377893,0.5201909543420439,3.294246,3.163049763496144,0.7237899472464463,4.736698,9.30024120599251,0.7390381765269393,5.605474999999999,-0.7218618077403245,0.6207894612429785,5.5695060000000005,3.2112912759051184,0.7161525906743691,5.296146
SWEAT_024DTG TRIAL,SWEAT-024,DTG_TRIAL,turn,turn,11.45,0.0,9.45,13.45,22.95,9.45,9.5,0.3174603174603175,0.3157894736842105,9.66072071458774,0.6880870007074957,7.180164,-0.4778324566596194,0.5086905922263564,3.256235,1.754426841437632,0.7044057869730732,5.033926999999999,9.684543077812828,0.6557941162657438,6.53795,-0.4493534563617245,0.5564481538979488,4.581891000000001,1.5999840189274446,0.6720336844649586,4.035488
SWEAT_025DTG TRIAL,SWEAT-025,DTG_TRIAL,thresh,turn,10.45,0.51,8.45,12.45,19.95,7.939999999999999,7.5,0.3778337531486146,0.4,9.538156105660375,0.9003159773226951,7.623739999999999,-0.7990315798742138,0.4961571396819922,5.013268999999999,2.277719796226415,0.8175772851921076,6.096903999999999,9.431776700399467,0.6887850750255358,6.93566,-0.7448610918774966,0.4145945982091332,4.94137,2.651765834886817,0.7788972924626335,5.686235
SWEAT_026DTG TRIAL,SWEAT-026,DTG_TRIAL,turn,turn,11.02,0.0,9.02,13.02,24.52,9.02,11.5,0.3325942350332594,0.2608695652173913,9.514360648947951,0.5181972526872475,3.848491,-0.3858387563676633,0.4605075657608671,3.741819000000001,2.4532345714285717,0.5004309790957866,3.002206,9.432825397046049,0.5497997949424694,4.569754,-0.2555868149435273,0.8728849630056027,6.250101,2.700255246741964,0.5849812143667565,4.006674
SWEAT_027DTG TRIAL,SWEAT-027,DTG_TRIAL,turn,turn,11.22,1.7200000000000006,9.22,13.22,20.72,7.5,7.499999999999998,0.4,0.4000000000000001,9.275430664,0.8590192276738919,7.673280999999999,-0.3580791506666667,0.5355914584131055,3.771242,3.2781577826666664,0.6535444518840174,3.711629,9.168405391478029,0.951922479034141,7.561732000000001,-0.3740308015978694,0.7832581376893443,6.827133,3.513392705725699,0.8251111447740647,4.437988000000001
SWEAT_028DTG TRIAL,SWEAT-028,DTG_TRIAL,thresh,turn,16.78,3.59,14.78,18.78,31.78,11.19,13.0,0.2680965147453082,0.2307692307692307,9.491482524107145,0.5895130334506998,4.920916999999999,-0.0126157973214285,0.6495546729362336,4.056867,2.528339223214286,0.6821308046287646,3.4978100000000003,9.517013274404304,0.5164712056450541,3.52126,-0.1674036410453497,0.5234482889667011,3.627484,2.4468993489623365,0.6456381398058713,3.129946
SWEAT_029DTG TRIAL,SWEAT-029,DTG_TRIAL,thresh,turn,20.14,3.49,18.14,22.14,37.14,14.65,15.0,0.204778156996587,0.2,8.871874954979535,0.4980358191817836,4.035226,-0.4379915286493861,0.4681652234650206,3.020752,4.286788223738063,0.5394044103334318,3.044471,8.860877542971352,0.7074433824615781,9.046459,-0.4822935909393737,0.7341482774066276,12.288369,4.304685328447702,0.7270099742716376,8.981159
SWEAT_030DTG TRIAL,SWEAT-030,DTG_TRIAL,thresh,turn,13.97,3.07,11.97,15.97,25.97,8.9,9.999999999999998,0.3370786516853932,0.3,8.623924374859708,0.8106383847396434,5.8058570000000005,-1.020941987654321,0.6590020823928572,4.876784,4.404477090909091,0.7279962611947347,4.485113,8.665345302697302,0.8522528235412267,7.068604,-1.012907839160839,0.6307661439946625,4.369127,4.337967869130869,0.7168500218033856,6.9274320000000005
SWEAT_031DTG TRIAL,SWEAT-031,DTG_TRIAL,turn,turn,8.66,0.1600000000000001,6.66,10.66,16.8,6.5,6.140000000000001,0.4615384615384615,0.4885993485342019,9.566323455384616,1.099155326062229,7.598212999999999,-0.4899368123076923,1.0281642341801498,8.771107,1.8401614353846156,1.0987676489772626,7.000998,9.572923364820848,1.181138461050333,9.046644,-0.3216922996742671,1.0981794635224047,7.414192,1.8736293745928336,1.1121501109862255,6.118048
SWEAT_032DTG TRIAL,SWEAT-032,DTG_TRIAL,turn,turn,20.5,6.0,18.5,22.5,35.0,12.5,12.5,0.24,0.24,9.308940713828935,0.5464316386721425,3.987117000000001,-0.8388089760191846,0.4927415785890652,4.341062,2.7810670575539573,0.5461260563713972,3.410678,9.315612974420464,0.7112579556400279,5.777399999999999,-0.7552092669864108,0.5515954514113337,3.468149,2.79363267146283,0.6215827752675974,3.931452
SWEAT_033DTG TRIAL,SWEAT-033,DTG_TRIAL,thresh,turn,9.54,0.47,7.539999999999999,11.54,19.04,7.069999999999999,7.5,0.4243281471004244,0.4,9.694137052333806,0.7694364200424866,5.675321,-0.3843568868458274,0.5741638968331856,3.73945,1.447567496463932,0.6883866598184737,5.343522,9.64855744873502,0.8966388421338933,6.530617,-0.5541689201065246,0.624652417339735,5.530545,1.6508660545938747,0.8434511117154416,5.415665000000001
SWEAT_034DTG TRIAL,SWEAT-034,DTG_TRIAL,turn,turn,10.54,0.0,8.54,12.54,21.42,8.54,8.880000000000003,0.351288056206089,0.3378378378378377,9.554522431578947,0.6106326933794225,4.647351,0.0055791239766081,0.7664213921192982,4.502257999999999,2.131202803508772,0.6275518669284114,4.327083,9.463775747747748,0.9050170104645398,8.666093,-0.0402429921171171,1.0101010372524304,6.270236,2.394872226351351,0.8454933420899412,6.6273550000000006
SWEAT_035DTG TRIAL,SWEAT-035,DTG_TRIAL,thresh,turn,16.19,3.6,14.19,18.19,28.19,10.590000000000002,10.0,0.2832861189801699,0.3,9.44513403962264,0.8130415508157255,5.89482,0.0597075754716981,0.7033466649302214,6.256954,2.6341491613207544,0.702789638226738,5.091165,9.309063438561436,0.9770943632971512,6.886481000000001,0.234369921078921,0.8640542868393671,5.352181,3.038761372627373,0.7217320927308736,6.051767999999999
SWEAT_036DTG TRIAL,SWEAT-036,DTG_TRIAL,thresh,turn,13.52,2.21,11.52,15.52,25.52,9.31,10.0,0.322234156820623,0.3,9.19746896137339,0.7768312433105596,6.495208,0.2630428068669527,0.6479812598953405,4.507407,3.4431398562231763,0.6243340603525704,3.926731,9.21831094005994,0.7530299151305484,5.649267000000001,0.3586008441558441,0.5526372686884882,4.077978,3.3960480699300697,0.5882209518945269,4.233226
SWEAT_037DTG TRIAL,SWEAT-037,DTG_TRIAL,thresh,turn,11.29,2.16,9.29,13.29,20.79,7.129999999999999,7.5,0.420757363253857,0.4,9.67542131372549,0.732831940994598,5.339379999999999,0.2728815406162464,0.6156494132581258,4.652298999999999,1.6311143781512607,0.8209769631878285,4.680281000000001,9.678036644474034,0.9846230315402436,7.859414,0.233896067909454,0.7529627580622676,4.953512,1.7234055366178431,0.9401937260048456,5.91435
SWEAT_038DTG TRIAL,SWEAT-038,DTG_TRIAL,thresh,turn,14.68,1.56,12.68,16.68,26.68,11.12,10.0,0.2697841726618705,0.3,9.400839049415993,0.6808941259819743,4.979369,0.2718121365678346,0.6183420050476325,4.865495,2.794549275831087,0.6604097203235555,3.231478,9.338302723276724,0.664404874039176,5.244306,0.3455018431568432,0.5907347315279177,6.015315,3.003953735264735,0.709279493659896,4.643395
SWEAT_039DTG TRIAL,SWEAT-039,DTG_TRIAL,thresh,turn,12.14,1.92,10.14,14.14,22.64,8.22,8.5,0.364963503649635,0.3529411764705882,9.196583744835966,0.8952729759648806,6.581013,0.3523407193195626,0.6836691734485245,5.388048,3.464629607533415,0.6901539820714694,5.661717,9.178332763807283,0.7109430818816388,5.284739999999999,0.3301615569917744,0.6429035093644484,5.781326999999999,3.475911099882491,0.6058953271736159,4.909306
SWEAT_001DTG1,SWEAT-001,DTG1,turn,turn,8.58,0.0,6.58,10.58,19.08,6.58,8.499999999999998,0.4559270516717325,0.3529411764705883,9.176667566009105,0.7894368993066733,6.020366,-0.6931203626707133,0.4682038459971235,3.2430570000000003,3.3983361654021245,0.6754101200668687,3.432138,9.1413822079906,0.6893821082031986,5.381342,-0.6934969177438307,0.5492155131893943,3.436928,3.4803320787309047,0.5421684404915557,2.9109
SWEAT_002DTG1,SWEAT-002,DTG1,turn,turn,10.22,0.0,8.22,12.22,20.72,8.22,8.499999999999998,0.364963503649635,0.3529411764705883,9.510342419198055,0.7802680558859901,6.776162000000001,-0.1682882260024301,0.6483791407671398,5.832046,2.335547560145808,0.7870983692196866,4.692135,9.544060078730904,0.9955572944884384,11.118504,-0.1812004089306698,0.8473008295217616,8.760045999999999,2.2856519153936548,0.8255303074905718,7.263002
SWEAT_003DTG1,SWEAT-003,DTG1,thresh,turn,6.44,0.0,4.44,8.440000000000001,13.94,4.44,5.5,0.6756756756756757,0.5454545454545454,9.733000316853932,1.036185548411435,7.833953999999999,0.2913585730337078,0.8556975529289538,4.725848,1.3969499370786518,1.014351692258074,5.352286,9.649350707272728,0.860252710592968,7.896089,0.4332332509090909,0.6929550627385684,4.007877000000001,1.6706324,0.9397557340053772,7.149458
SWEAT_004DTG1,SWEAT-004,DTG1,turn,thresh,9.55,0.0,7.550000000000001,11.55,19.39,7.550000000000001,7.84,0.3973509933774834,0.3826530612244898,9.7237906984127,1.0373658176309764,8.327325000000002,0.3659013121693122,1.1373879215414926,8.120713,1.0062752605820109,1.176207088922958,6.883969,9.708396496815286,1.0655548449498564,8.031447,0.3777372050955414,0.9167302110106178,7.169977,1.0789736598726114,1.2863154806009511,6.880376
SWEAT_005DTG1,SWEAT-005,DTG1,thresh,turn,9.74,0.64,7.74,11.74,19.74,7.1000000000000005,8.000000000000002,0.4225352112676056,0.3749999999999999,9.14720558368495,0.8295822784544675,5.334592000000001,-0.7003889746835444,0.6222444310297822,3.526942,3.5043953206751057,0.5808419356793814,2.9553290000000003,9.14801327715356,0.8658805272023778,6.396795999999999,-0.5856625580524345,0.5313169077471814,2.927429,3.505912013732834,0.6059002978539264,3.351178
SWEAT_006DTG1,SWEAT-006,DTG1,thresh,turn,11.28,3.26,9.28,13.28,19.78,6.02,6.500000000000002,0.4983388704318937,0.4615384615384614,9.33134521393035,1.2783008604530055,9.227987,-0.3600170248756218,1.050514505776506,8.720449,3.006019701492537,1.1951920199490031,10.18762,9.22442114592934,1.2367659669553817,9.808982,-0.4772463471582181,1.132885189152366,8.40943,3.2782714454685102,1.139534998334803,9.590244
SWEAT_007DTG1,SWEAT-007,DTG1,thresh,turn,13.84,3.86,11.84,15.84,24.84,7.98,9.0,0.3759398496240601,0.3333333333333333,9.412222883604503,0.923858878901878,5.904729999999999,0.0540136883604505,0.9556941732050108,6.849355,2.7338001714643303,0.7666223449090802,5.04381,9.422352669256384,0.8389724119251373,5.442686000000001,0.0670925538290788,0.8038273857357905,5.915269,2.7450016836847944,0.7153843241363941,4.261782999999999
SWEAT_008DTG1,SWEAT-008,DTG1,thresh,thresh,9.792495306443795,2.68,7.792495306443795,11.792495306443795,15.41,5.112495306443796,3.6175046935562047,0.5867976047271468,0.8293009281629532,9.312649904296876,1.142273443524412,9.01711,-0.218869673828125,0.7304022178159043,6.210006,3.0827352578125,1.0107289180347148,8.803611,9.463321204419891,0.9862942617851264,8.201211999999998,-0.3633845745856353,0.7595758179936116,6.177495,2.4598572541436465,1.1534402223757154,6.170812
SWEAT_009DTG1,SWEAT-009,DTG1,thresh,turn,22.67,11.08,20.67,24.67,34.17,9.590000000000002,9.5,0.3128258602711157,0.3157894736842105,9.530891336458334,0.6219732741591897,4.793954,0.4847497354166666,0.4820511669789067,3.957889,2.238734870833333,0.5717252325056409,3.741429,9.443453368033648,0.534576027966296,3.652441,0.4497735835962145,0.4250585457951703,3.002809,2.6077093123028394,0.5023223002023801,2.386121
SWEAT_010DTG1,SWEAT-010,DTG1,thresh,turn,12.11,0.0,10.11,14.11,24.61,10.11,10.5,0.2967359050445104,0.2857142857142857,9.448963457509883,0.6273165200141482,5.447986,-0.0363560088932806,0.7227361307091624,7.021993,2.618318685770751,0.6346698200439864,3.512684,9.44088631018078,0.6618560195806564,5.836487,-0.1472458420551855,0.6653901351313669,5.712521,2.6384286165556614,0.5606271540857437,3.6790629999999993
SWEAT_011DTG1,SWEAT-011,DTG1,turn,turn,21.09,6.59,19.09,23.09,35.59,12.5,12.500000000000004,0.24,0.2399999999999999,9.250393230215828,0.6281287364004902,5.910869999999999,0.2577353533173461,0.4070157641806501,2.923951,3.267826451638689,0.5605009182128617,3.4634970000000003,9.283375804156677,0.5310809274151087,4.800044,0.1883793836930455,0.4111253544334737,2.369365,3.160286333333333,0.6392282025486663,4.112832
SWEAT_012DTG1,SWEAT-012,DTG1,thresh,turn,47.03,32.78,45.03,49.03,60.03,12.25,11.0,0.2448979591836734,0.2727272727272727,9.18385169249592,0.5805454783624568,6.5094520000000005,0.0006675530179445,0.6381412562821046,6.232433,3.408115579934748,0.659981916609826,4.563426,9.232495607629428,0.684216957840268,8.633607000000001,0.0117445903723887,0.6804569879682687,5.73902,3.346420422343324,0.7132666719965896,4.740308000000001
SWEAT_014DTG1,SWEAT-014,DTG1,thresh,turn,10.19,1.81,8.19,12.19,19.19,6.379999999999999,6.999999999999998,0.4702194357366772,0.4285714285714286,9.30577840688576,1.1510815261142968,7.316249999999999,-0.6897860594679186,0.9166704368617504,5.453962000000001,3.0384932081377154,0.8589278011026344,5.001328,9.368781837142857,1.1779436341913074,6.748520000000001,-0.6880078257142856,1.033448867578934,7.819421,2.819914195714285,0.8967797616937284,4.397736999999999
SWEAT_015DTG1,SWEAT-015,DTG1,turn,turn,7.11,0.0,5.11,9.11,14.61,5.11,5.5,0.5870841487279843,0.5454545454545454,9.22416318359375,1.263656403280851,7.448122000000001,-0.236540482421875,0.962198205037449,6.022867,3.343832423828125,1.0113333612009994,5.6486600000000005,9.214589422867515,1.3594371255966973,7.650129,-0.2534517277676951,0.8797354507902599,5.857609,3.3481734210526315,1.0398353268906786,6.565727
SWEAT_016DTG1,SWEAT-016,DTG1,thresh,turn,9.03,1.78,7.029999999999999,11.03,17.03,5.249999999999999,6.000000000000002,0.5714285714285715,0.4999999999999998,9.528377777142856,1.02799122388216,5.9032230000000006,-0.1434915695238094,0.9461004328613046,5.394144,2.3069526609523816,1.0949025079650008,5.484486,9.51189103327787,0.9273126758499112,5.431305,-0.0546440399334442,0.9703381173924344,5.2424990000000005,2.4082951580698837,0.9362425338256586,4.372315
SWEAT_017DTG1,SWEAT-017,DTG1,turn,turn,8.42,0.0,6.42,10.42,17.42,6.42,7.000000000000002,0.4672897196261682,0.4285714285714284,9.312377645412132,0.9141290640996116,5.305780000000001,-0.0960466096423017,0.7433986514083788,4.422632,3.050032884914464,0.9451409098822978,4.671771,9.303483325249644,1.085455246390788,8.381692999999999,-0.171249580599144,0.8649703706113498,8.279091,3.015859905848787,1.1505093664544912,6.722988
SWEAT_018DTG1,SWEAT-018,DTG1,thresh,turn,13.44,3.25,11.44,15.44,21.94,8.19,6.499999999999998,0.3663003663003663,0.4615384615384617,9.353927757317074,0.8025631996136797,7.526205,-0.1854447670731707,0.7669827933252722,4.671794,2.9077156353658533,0.9187971250882424,4.666733,9.172093561538462,1.0520372323842346,11.532967,-0.2291953307692308,0.8968900145426338,7.87622,3.5178651107692307,1.1741938975751427,9.298791
SWEAT_019DTG1,SWEAT-019,DTG1,thresh,turn,17.17,4.35,15.170000000000002,19.17,30.17,10.820000000000002,11.0,0.277264325323475,0.2727272727272727,9.453252716528164,0.5067439717383994,3.941211000000001,-0.2019897783933518,0.4510996471699301,2.964705,2.562985212373038,0.7268504692053224,3.947264,9.4641148119891,0.577340719227055,3.824951,-0.2140393251589464,0.5861828366813377,3.779583,2.475956851044505,0.8064471471884965,4.177353
SWEAT_020DTG1,SWEAT-020,DTG1,turn,turn,11.45,4.449999999999999,9.45,13.45,18.45,5.0,5.0,0.6,0.6,9.322869063872258,1.299677714739198,7.588591,-0.1035163872255489,1.2816222759568967,7.845991,3.0350487065868266,1.249797405553723,9.57548,9.241228181636728,1.3611333754476032,8.192445,-0.1792811776447106,1.3392057329201508,8.367097000000001,3.3763826826347305,1.5252700308221954,11.517863
SWEAT_021DTG1,SWEAT-021,DTG1,turn,turn,12.28,2.28,10.28,14.28,22.28,8.0,8.000000000000002,0.375,0.3749999999999999,9.58004611610487,1.0575439679666203,10.186211,-0.0569359350811485,0.8546934574909743,11.135898,2.2565052222222226,1.0808198480825293,20.174389,9.507440290886391,1.0185443499144162,8.612466000000001,-0.0509785093632958,0.8856811860905576,8.185075,2.552799213483146,0.8654646388501255,5.927264
SWEAT_022DTG1,SWEAT-022,DTG1,turn,turn,9.58,0.0,7.58,11.58,20.08,7.58,8.499999999999998,0.3957783641160949,0.3529411764705883,9.290010054018444,1.0065712741379784,10.419628,-0.4695120632411066,0.9534204783105604,8.658384,3.2219526693017126,0.9440166886396452,8.259461,9.200293612220916,0.7426182343827487,4.998124999999999,-0.3529233689776733,0.7475519395981158,6.386195,3.4964264300822565,0.7817479888534925,4.13714
SWEAT_023DTG1,SWEAT-023,DTG1,thresh,turn,9.87,1.66,7.869999999999999,11.87,18.37,6.209999999999999,6.499999999999998,0.4830917874396136,0.4615384615384617,9.410526326892109,0.9032605752407046,8.358096,-0.648579578099839,0.6943375307006463,4.793925,2.839040030595813,1.1114108824176374,8.831094,9.464424816923076,0.8906948213725673,8.088655,-0.6183654215384616,0.6970500047252194,5.851059,2.711628770769231,0.9380488742929984,6.756228
SWEAT_024DTG1,SWEAT-024,DTG1,thresh,turn,9.3,0.0,7.300000000000001,11.3,18.8,7.300000000000001,7.5,0.410958904109589,0.4,9.63696191381669,0.8130336547479805,7.670739,-0.4158589630642955,0.6189067175496454,4.700134,1.9528642243502048,0.7353800377887753,5.194864,9.659253829560583,0.7544470459591163,6.345905,-0.3951915312916111,0.5691006093054679,4.447886,1.803133824234354,0.7404621759894305,5.013016
SWEAT_025DTG1,SWEAT-025,DTG1,turn,turn,10.63,0.6300000000000008,8.63,12.63,20.630000000000003,8.0,8.000000000000002,0.375,0.3749999999999999,9.39132764625,0.8653370062578574,9.615024000000002,-0.776619305,0.5063799923466388,4.847155,2.8148213837500005,0.8348436332041822,5.757904,9.48057386142322,0.7424791960301329,7.924146999999999,-0.7841000624219726,0.4048849158802651,3.855008,2.51201331835206,0.678692131531285,4.310431
SWEAT_026DTG1,SWEAT-026,DTG1,turn,turn,11.83,0.0,9.83,13.83,24.33,9.83,10.499999999999998,0.3051881993896236,0.2857142857142857,9.387701590447154,0.708144656216743,5.822867999999999,-0.2776888150406504,0.7572167413588196,7.165275,2.926884111788618,0.6579611259467611,3.8152750000000006,9.413751434823975,0.6007976560009741,4.159364,-0.4477086298763083,0.629387439394146,4.8258,2.801765015223596,0.5794073430110828,3.309248
SWEAT_027DTG1,SWEAT-027,DTG1,thresh,turn,10.66,0.52,8.66,12.66,21.16,8.14,8.5,0.3685503685503685,0.3529411764705882,9.24279425153374,1.2629338406300044,29.18833,-0.2989048306748466,0.8208136206188387,6.401495000000001,3.3473561337423314,1.4355405807407622,35.82817,9.199123511163338,0.8255777293104404,5.673188999999999,-0.5096650235017627,0.5796064686367608,3.874783,3.4643899271445355,0.7000166400424049,4.691043
SWEAT_028DTG1,SWEAT-028,DTG1,thresh,turn,11.4,2.52,9.4,13.4,20.9,6.880000000000001,7.499999999999998,0.4360465116279069,0.4000000000000001,9.511710213352684,0.9514087226023036,6.5484160000000005,0.1301093744557329,0.7996965221705089,4.872048,2.407367764876633,1.0636385624424105,5.53742,9.408508724367511,0.8926074283324555,7.428548,-0.1718184593874833,0.8652600424048731,5.46885,2.764744388814913,0.9031572666682812,8.152858
SWEAT_029DTG1,SWEAT-029,DTG1,thresh,turn,17.616764322916666,3.46,15.616764322916666,19.616764322916666,31.616764322916666,12.156764322916665,12.0,0.2467761914529109,0.25,8.898468805921052,0.6306982388673265,6.208551,-0.4814544983552631,0.5671360515376248,8.176078,4.240738597039473,0.6276286992452648,5.172168,8.912875259166666,0.5908494929233998,4.314806,-0.5007054625,0.5579964409224163,4.19445,4.198095920000001,0.4952341829660475,2.900649
SWEAT_030DTG1,SWEAT-030,DTG1,thresh,turn,15.09,4.14,13.09,17.09,25.59,8.95,8.5,0.335195530726257,0.3529411764705882,8.460239438616071,0.8636594779183683,5.690959,-1.0159541071428573,0.6129148786288391,4.420402,4.719445713169642,0.6586869064789334,3.917143,8.411871668625148,0.9437230703740064,6.783086999999999,-1.0805455005875442,0.7247825324472211,4.826857,4.779588743830787,0.6269406050151082,3.744949
SWEAT_031DTG1,SWEAT-031,DTG1,thresh,turn,9.11,0.31,7.109999999999999,11.11,18.11,6.8,7.0,0.4411764705882353,0.4285714285714285,9.540864220588237,1.152353977543381,9.381761,-0.3966512323529412,0.9388611295277436,6.228839,1.9584882602941176,1.0073877547686982,5.8159030000000005,9.554155964336662,1.1009298757098795,7.761781000000001,-0.3404381141226819,1.220320293128342,8.962711,1.997481562054208,1.004285245046198,6.31167
SWEAT_032DTG1,SWEAT-032,DTG1,thresh,turn,14.75,3.8,12.75,16.75,26.25,8.95,9.5,0.335195530726257,0.3157894736842105,9.311713287946429,0.8732123874217114,5.429133,-0.7662164006696427,0.6537308639184216,4.795408999999999,2.8070821037946425,0.6193958117303558,3.600783,9.27067748685594,0.6921597374785141,4.351178000000001,-0.561420531019979,0.5939431981777393,3.800566,2.983421074658254,0.6059605662483464,3.197253
SWEAT_033DTG1,SWEAT-033,DTG1,thresh,turn,9.24,0.01,7.24,11.24,19.24,7.23,8.000000000000002,0.4149377593360995,0.3749999999999999,9.663770091160222,0.8456728786471037,6.147943,-0.5126951574585635,0.5494774252390009,4.129101,1.6278572748618785,0.8454424594882993,6.978946,9.63918429712859,0.56450151625151,4.480025999999999,-0.6228573083645442,0.5212950814967494,4.04997,1.6955291398252184,0.7111171984416026,3.610213
SWEAT_034DTG1,SWEAT-034,DTG1,turn,turn,7.65,0.0,5.65,9.65,15.45,5.65,5.799999999999999,0.5309734513274336,0.517241379310345,9.42685003180212,0.9741426387799016,6.637969999999999,0.2136881890459363,1.0192088877996657,6.704676,2.5567096890459364,1.077803371135987,6.454489000000001,9.41812639310345,1.379473774810483,8.848458,0.0453362896551724,1.3819237908072617,9.393931,2.703732765517241,1.0645747806462302,6.841063
SWEAT_036DTG1,SWEAT-036,DTG1,thresh,turn,10.85,1.7,8.85,12.85,20.85,7.15,8.000000000000002,0.4195804195804196,0.3749999999999999,9.197549455307264,0.9907938580168734,7.832923,0.460229377094972,0.5809130328893269,3.658134,3.431714400837989,0.7162125721218054,4.989419,9.273196209737828,0.8923560661730167,6.382052000000001,0.3949047565543071,0.6075485836350524,3.47901,3.199265280898876,0.619711741656247,3.705644
SWEAT_037DTG1,SWEAT-037,DTG1,thresh,turn,9.65,2.06,7.65,11.65,17.65,5.59,5.999999999999998,0.5366726296958855,0.5000000000000001,9.553048691071428,0.947267585170096,7.55767,0.2320586517857143,0.8031331087926133,5.49409,2.1799273125000003,0.987863124601459,6.881719,9.561247111480863,1.0248795587957804,8.681819999999998,0.1993719700499168,0.8651059829314265,6.370946999999999,2.290107898502496,0.8932316782236402,4.642412
SWEAT_038DTG1,SWEAT-038,DTG1,thresh,turn,13.69,1.35,11.69,15.69,26.69,10.34,10.999999999999998,0.2901353965183752,0.2727272727272727,9.108935449275362,0.7916375386543876,7.19274,0.346529658937198,0.667663975257726,4.942958,3.6386133758454102,0.7576001036886071,3.989103,9.144624290909093,0.6833620767186209,5.175673000000001,0.2173714318181818,0.5923250921024641,4.890876,3.557935094545454,0.6577480865735039,4.942976
SWEAT_039DTG1,SWEAT-039,DTG1,thresh,turn,10.48,1.86,8.48,12.48,19.98,6.62,7.5,0.4531722054380664,0.4,9.20698742684766,0.9190309190170112,6.116283,0.4121441070889894,0.7303878263323801,5.540979,3.4032761146304678,0.752213665984601,4.720415000000001,9.24858353262317,0.8984395757249835,8.199251,0.2850283195739014,0.6808806894408641,5.683623,3.2917759214380826,0.7201150401916794,8.516422
SWEAT_001DTG2,SWEAT-001,DTG2,thresh,turn,8.71,0.28,6.710000000000001,10.71,18.21,6.430000000000001,7.5,0.4665629860031103,0.4,9.21062273447205,0.6481554328799348,4.561575,0.3077680652173913,0.6173350472080474,4.010843,3.325739903726708,0.7385110269659999,4.250303000000001,9.212203520639148,0.6918133348939095,4.497221999999999,0.3403342223701731,0.676164872813662,4.49639,3.3111929174434085,0.736794037527242,4.302001
SWEAT_002DTG2,SWEAT-002,DTG2,turn,turn,17.27,7.77,15.27,19.27,26.77,7.5,7.5,0.4,0.4,9.4096458322237,0.8593010147506521,7.151889000000001,0.0885674074567243,0.5916992466998867,5.03109,2.75752,0.7636465191758733,4.287848,9.444964972037283,0.9147369018780274,7.148431999999999,0.1581454274300932,0.7482015316853515,6.452808,2.6082923422103863,0.8053389189182788,4.778418
SWEAT_003DTG2,SWEAT-003,DTG2,turn,turn,16.18,7.68,14.18,18.18,24.68,6.5,6.5,0.4615384615384615,0.4615384615384615,9.3029249109063,1.0132004198537523,7.843246000000001,0.3757416850998464,0.8954376535440859,7.015253,3.0378060921658987,1.146716218449676,7.682688,9.199584998463903,0.9920343252920322,5.934421,0.4526795437788019,0.9727924322087744,6.963922,3.282186534562212,1.1677392841359393,6.921381
SWEAT_004DTG2,SWEAT-004,DTG2,turn,turn,22.41,12.41,20.41,24.41,32.41,8.0,7.9999999999999964,0.375,0.3750000000000001,9.585855151061171,0.9664082216100988,10.594698,0.2622691672908864,0.7233486504607203,4.099361,1.912968218476904,1.0083699320267272,5.882691,9.513928108614232,0.9007431034459272,6.178359,0.2043430936329588,0.919973740002626,7.132066,2.199864429463171,1.0145551704080762,5.407571
SWEAT_006DTG2,SWEAT-006,DTG2,turn,turn,12.61,3.1099999999999994,10.61,14.61,22.11,7.5,7.5,0.4,0.4,9.413152350199733,1.0698145772872647,7.774238,0.0301859014647137,0.8901763098053419,7.209918999999999,2.739942175765645,0.8638340741536235,6.25943,9.426224605858854,0.9298755400286955,6.687172,0.045649516644474,0.8771685298472452,6.457140000000001,2.695223087882823,0.8762297494156543,7.210811
SWEAT_007DTG2,SWEAT-007,DTG2,turn,turn,20.31,9.31,18.31,22.31,31.31,9.0,9.0,0.3333333333333333,0.3333333333333333,9.254030719200887,0.7398422630851532,4.586193000000001,0.7737678235294118,0.6173572840987401,5.001739000000001,3.164043961154273,0.5933168426848359,3.740971,9.25580258490566,0.707694409518389,4.575664999999999,0.7430146770255273,0.6240665472082272,5.073547,3.166692557158713,0.6480469920011378,4.320568000000001
SWEAT_008DTG2,SWEAT-008,DTG2,turn,turn,16.12675629844961,5.62675629844961,14.12675629844961,18.12675629844961,26.62675629844961,8.5,8.5,0.3529411764705882,0.3529411764705882,9.136962210588235,0.9098231834773284,8.732165,-0.0210803447058823,0.6549250910081998,4.692798,3.53651502,0.9789997765385856,6.527286,9.075165207058824,0.9546581206487702,10.564489,-0.0760657670588235,0.6967804722866887,5.679406,3.701914303529412,0.937515610963464,6.714131
SWEAT_009DTG2,SWEAT-009,DTG2,turn,turn,27.93,16.43,25.93,29.93,39.43,9.5,9.5,0.3157894736842105,0.3157894736842105,9.531387027339644,0.6536832458249074,5.901781000000001,0.5698700431125131,0.5242298986427537,4.474147,2.2119502870662457,0.6555676427638711,6.283401,9.49414819242902,0.546817640719365,6.002427999999999,0.5766167539432177,0.5073759975037194,4.920268,2.3158426687697165,0.5504797819329967,5.576138
SWEAT_010DTG2,SWEAT-010,DTG2,turn,turn,11.36,0.0,9.36,13.36,22.86,9.36,9.5,0.3205128205128205,0.3157894736842105,9.35055827321238,0.5902609530304999,4.898475,0.3488970288153682,0.6090334173697517,4.388336,2.9153409605122733,0.5918666470470513,3.331291,9.354394815983175,0.5986513368942468,4.068844,0.3774775194532072,0.5918081711533894,4.731724,2.9190077213459515,0.5252677998102958,3.047488
SWEAT_011DTG2,SWEAT-011,DTG2,turn,turn,21.35,8.350000000000001,19.35,23.35,34.35,11.0,11.0,0.2727272727272727,0.2727272727272727,9.325912505454545,0.6112097853812232,6.159976,-0.2095288563636363,0.45652557325322,2.452966,3.006712671818182,0.721585205564668,3.39797,9.467074246139871,0.4394017179024934,3.791023000000001,-0.3290701108083561,0.4693928867017482,2.948831,2.521468226158038,0.5501956112072133,3.138655
SWEAT_012DTG2,SWEAT-012,DTG2,turn,turn,18.05,7.050000000000001,16.05,20.05,29.05,9.0,9.0,0.3333333333333333,0.3333333333333333,9.05089399222222,0.6230533479821406,5.282424999999999,0.0714972855555555,0.8204088380901788,5.928378,3.749428526666666,0.7691713145212438,3.8623980000000007,8.991332235294118,0.9731997379234006,9.469053,0.0059140366259711,1.0209260449113775,11.055919,3.876629419533851,0.967207420818136,6.697998
SWEAT_014DTG2,SWEAT-014,DTG2,thresh,turn,12.82,2.03,10.82,14.82,22.32,8.790000000000001,7.5,0.341296928327645,0.4,9.41985550340909,0.9042918237232168,7.057114,-0.136297121590909,0.7051517131785929,4.07401,2.71780325,0.8240384616883204,5.115774999999999,9.311497086551263,1.1579309835840552,8.739532,-0.1798784753661784,0.8324823980086619,4.481445,3.0896729374167777,0.8729871622114345,5.401017
SWEAT_015DTG2,SWEAT-015,DTG2,thresh,turn,8.78,2.05,6.779999999999999,10.78,16.28,4.73,5.500000000000002,0.6342494714587739,0.5454545454545453,9.549870841437633,1.5036239034688448,8.636780000000002,-0.2787187399577167,1.0805799853342082,7.020676,2.164252268498943,1.1820147379478023,6.502108,9.553384956442832,1.186749709621065,7.474754999999999,-0.4198636079854809,1.1158398090904775,7.436009,2.1002474646098004,1.2249907313684285,6.938060999999999
SWEAT_016DTG2,SWEAT-016,DTG2,thresh,thresh,6.64,0.0,4.64,8.64,13.89,4.64,5.25,0.646551724137931,0.5714285714285714,9.44505527311828,1.1379400974759746,6.812392,0.430980064516129,1.0025240918297016,5.381126999999999,2.688663365591398,1.1679434238429385,5.995272,9.385912423954371,1.306919544285691,8.46718,0.549577825095057,1.0650696555338528,6.806118,2.7863538821292777,1.2523987175510924,9.477756
SWEAT_017DTG2,SWEAT-017,DTG2,turn,turn,7.25,0.0,5.25,9.25,15.25,5.25,6.0,0.5714285714285714,0.5,9.327155022813688,1.089729604641115,8.239245,-0.320931072243346,0.6323004698944753,4.122626,3.1533384182509505,0.951541351933922,5.439627,9.266928484193013,1.231700204355772,8.90078,-0.2602148668885191,0.8805429344854657,6.054153,3.142879560732113,1.2507804831025586,5.933056
SWEAT_018DTG2,SWEAT-018,DTG2,thresh,turn,13.55,5.27,11.55,15.55,21.55,6.280000000000001,6.0,0.4777070063694266,0.5,9.546145634340224,0.7044963884279005,5.194614,-0.1327297710651828,0.5681825954705874,3.783574,2.157415419713832,0.8439919535078096,4.039734,9.454912242928453,0.8093719392515498,5.072093,0.1287936888519134,0.6446467481657069,4.005678,2.5347891031613976,0.8554416994500342,4.533980000000001
SWEAT_019DTG2,SWEAT-019,DTG2,thresh,turn,11.96,3.16,9.96,13.96,21.46,6.800000000000001,7.5,0.4411764705882352,0.4,8.928351851688692,0.9338863828155968,6.768427,-0.3204296182085169,0.8317118526831141,5.127935,4.041307703377386,0.9341329302988708,4.623548,9.030844114513982,0.7926744244197841,5.239394999999999,-0.4416868468708388,0.7005613859466515,4.373248,3.791657047936085,0.7577090668341824,3.787052
SWEAT_020DTG2,SWEAT-020,DTG2,thresh,turn,6.65,0.0,4.65,8.65,13.65,4.65,5.0,0.6451612903225806,0.6,9.1162629527897,1.25504334081054,7.71496,-0.3068561931330472,1.1347594532487983,7.246681000000001,3.5888639141630905,1.0910852364358623,7.054283000000001,8.999806091816367,1.197693395469389,8.441289999999999,-0.2752076946107784,1.0877305330811224,10.11964,3.9515533153692615,1.3188089969473358,10.969065
SWEAT_021DTG2,SWEAT-021,DTG2,turn,turn,14.71,5.210000000000001,12.71,16.71,24.21,7.5,7.5,0.4,0.4,9.598265318666666,0.7480978352512323,6.128432000000001,-0.3991668226666666,0.5759848363370034,3.990936,2.0629983786666664,0.8672465483630257,8.440147999999999,9.634399981358188,1.5152627863054997,11.06049,-0.3858621344873502,0.972567955419084,7.496501,1.9164103715046603,0.857538502205619,7.687849999999999
SWEAT_022DTG2,SWEAT-022,DTG2,thresh,turn,10.01,0.0,8.01,12.01,20.26,8.01,8.250000000000002,0.3745318352059925,0.3636363636363635,8.952636170822942,0.8206125951221558,6.290886,0.0014620511221945,0.8016350808390151,4.932778000000001,4.139031284289277,0.8371031719952522,5.247058,8.911526595151516,0.8615333982521917,5.842955,-0.0037784533333333,0.843058451008618,5.701395,4.249597138181818,0.7399492920363175,4.1578
SWEAT_023DTG2,SWEAT-023,DTG2,thresh,turn,14.51,5.74,12.51,16.509999999999998,24.01,6.77,7.5,0.4431314623338257,0.4,9.74955906342183,0.9497008500836488,8.718804,-0.6231300899705015,0.6948449622043703,4.564543,0.9551127241887906,0.9474792458911716,6.055172000000001,9.712201789333331,0.9357778471854328,6.872785,-0.8376894426666666,0.6563497987892747,5.499512,1.1151398546666669,0.921303085628515,6.843478999999999
SWEAT_024DTG2,SWEAT-024,DTG2,thresh,turn,8.2,0.22,6.199999999999999,10.2,17.2,5.98,7.0,0.5016722408026756,0.4285714285714285,9.739309070234114,1.1580286718545685,8.052776,-0.5711977391304348,1.0844120032189086,9.133621,1.07794041638796,1.0390921503561292,7.198238,9.727130875891584,0.8375494420132321,5.740632999999999,-0.5521268644793152,0.6127968921887414,4.399758,1.240047784593438,0.7706759717580194,3.891514
SWEAT_025DTG2,SWEAT-025,DTG2,turn,turn,10.02,0.0199999999999995,8.02,12.02,20.02,8.0,8.0,0.375,0.375,8.941135064918852,0.979570997480267,7.429423,-0.2945608789013733,0.5749948693492396,4.290256,4.164111761548065,0.8469367767057724,6.933986999999999,8.918489827715355,0.8503999950072098,6.8472740000000005,-0.3238759812734083,0.6409409273034335,5.138967,4.1966623083645445,0.8147307758338946,5.095502
SWEAT_026DTG2,SWEAT-026,DTG2,turn,turn,9.47,0.0,7.470000000000001,11.47,21.47,7.470000000000001,9.999999999999998,0.4016064257028112,0.3,9.52294697459893,0.8393699104337169,6.897289000000001,-0.607589898395722,0.8641844059007764,7.237988,2.3217333422459894,0.7965711425886985,4.912174,9.518309762237765,0.5709157758112078,4.440041,-0.6280932117882119,0.625808457215521,5.153176,2.3437780729270727,0.5863209891029291,3.605519
SWEAT_027DTG2,SWEAT-027,DTG2,thresh,turn,9.42,0.34,7.42,11.42,19.42,7.08,8.000000000000002,0.423728813559322,0.3749999999999999,9.489329596614953,1.0996540356451905,8.170497999999998,-0.7552626798307477,0.8323760150366316,5.644151,2.4596644866008464,0.9004961149867656,5.352918,9.469054893882648,0.8929523223267125,5.818058999999999,-0.8344519200998751,0.6807997610079765,5.025015,2.4825390174781523,0.8391484749236061,4.948412
SWEAT_028DTG2,SWEAT-028,DTG2,turn,turn,8.06087515897529,0.0,6.060875158975289,10.06087515897529,17.06087515897529,6.060875158975289,7.0,0.4949780223665272,0.4285714285714285,9.668615365733114,1.2967675282653206,10.940813,-0.3862390939044481,0.8530529432380154,6.918061,1.5373771976935748,1.2462400802514209,7.829115,9.650638502857143,1.1870951234202187,6.875577,-0.3060791128571428,0.892768893737878,5.034003,1.7217799142857144,0.9997996477278384,6.110844
SWEAT_029DTG2,SWEAT-029,DTG2,thresh,turn,15.74,2.17,13.74,17.740000000000002,29.74,11.57,12.0,0.2592912705272255,0.25,9.549228190846287,0.7046147097189831,5.550307,0.0373216131260794,0.6633085732702808,6.409622000000001,2.259301086355786,0.7780232294549695,4.479919,9.500475203333334,0.5202693689619177,3.430336,0.0006608433333333,0.5768395581615514,4.0536460000000005,2.471892675,0.585883707184571,3.2993820000000005
SWEAT_030DTG2,SWEAT-030,DTG2,turn,turn,20.42,7.420000000000002,18.42,22.42,33.42,11.0,11.0,0.2727272727272727,0.2727272727272727,8.19438847,0.7534615983321573,5.087381,-0.7567995245454545,0.654349895369159,4.67707,5.202839298181819,0.6385397074776137,4.330425,8.215197350590373,0.7555237000913562,5.329528,-0.9329758991825612,0.7515670302542021,5.465167,5.152789098092643,0.6112242004330507,3.553818
SWEAT_031DTG2,SWEAT-031,DTG2,turn,turn,13.66128062166909,6.661280621669089,11.66128062166909,15.66128062166909,20.66128062166909,5.0,5.0,0.6,0.6,9.613008772,1.411496850584223,9.797823,-0.668535808,1.0723103774150575,8.367143,1.755672546,1.1732834259705844,6.618199000000001,9.569145664,1.4508708779329396,12.234154,-0.623175796,1.202224210552294,9.605824,1.917145548,1.3089142588324107,9.416504
SWEAT_032DTG2,SWEAT-032,DTG2,thresh,turn,10.3,1.62,8.3,12.3,21.3,6.680000000000001,9.0,0.4491017964071855,0.3333333333333333,9.187795112107624,0.8712290093620213,6.576293,-0.7838576068759341,0.697316159115281,5.312097,3.220823177877429,0.6678675116902618,4.216893,9.12317047835738,0.7656263218950295,5.957665,-0.8002808379578247,0.6136007918392911,5.207021,3.3813047192008883,0.5722990832250988,3.175282
SWEAT_033DTG2,SWEAT-033,DTG2,thresh,turn,8.48,0.0,6.48,10.48,17.48,6.48,7.0,0.4629629629629629,0.4285714285714285,9.16496942064715,0.7730247321960712,6.169256,-0.3893485685670261,0.5067239697281081,4.30188,3.47802910477658,0.7275533595578634,4.146018000000001,9.1483897489301,0.9618309799269004,10.11901,-0.3177708873038516,0.6211882891685762,6.047912999999999,3.5471263038516403,1.0724175383108627,6.552761
SWEAT_034DTG2,SWEAT-034,DTG2,turn,turn,15.39,5.890000000000001,13.39,17.39,24.89,7.5,7.5,0.4,0.4,9.168865532000002,0.7955381201671087,6.453567,-0.5314944173333334,0.6802036545684302,5.121078,3.4400168866666667,0.6721595925921535,3.605288,9.23954933954727,0.9987219364858976,8.526322,-0.5241858828229028,0.9059703835821932,6.425291,3.213537972037284,0.9957080026025178,6.09677
SWEAT_035DTG2,SWEAT-035,DTG2,thresh,turn,16.32,5.1,14.32,18.32,27.82,9.22,9.5,0.3253796095444685,0.3157894736842105,9.296627704225353,1.0723138216933017,9.799767,-0.1502835297941495,0.6328662705640068,6.541465,3.055899381365114,0.72374994628375,4.157864,9.307586233438489,0.960354397217242,8.38206,-0.2176206719242902,0.6241506716230525,4.259235,3.052364430073607,0.7381330360845613,4.231423
SWEAT_036DTG2,SWEAT-036,DTG2,thresh,turn,10.55,1.38,8.55,12.55,20.05,7.170000000000001,7.5,0.4184100418410041,0.4,9.23852259470752,1.1030194366577886,8.452895,0.4093915877437326,0.8645150914234956,6.96962,3.3297691740947077,0.6544312435280886,4.543987,9.302272965379494,0.9979083231221292,6.242482999999999,0.3064289946737683,0.8903035629059823,6.420539,3.166252581890812,0.7231761330611084,5.236423
SWEAT_037DTG2,SWEAT-037,DTG2,thresh,turn,8.8,1.76,6.800000000000001,10.8,16.3,5.040000000000001,5.5,0.5952380952380951,0.5454545454545454,9.756591605940594,1.161213856915872,7.912229999999999,-0.0763919920792079,0.871652739677754,5.82757,1.311856401980198,1.1241199295661828,6.018656,9.725392943738656,1.140235256214715,8.783437,-0.0404528039927404,0.9802378188865332,5.829001,1.4204821996370236,1.213553286921499,7.263823
SWEAT_038DTG2,SWEAT-038,DTG2,thresh,turn,11.21,1.63,9.21,13.21,21.21,7.580000000000001,8.0,0.3957783641160949,0.375,9.145917312252964,0.7718486466546793,5.901125,-0.0122614519104084,0.6360735318997277,4.767165,3.581498463768116,0.7847023511689596,4.211765,9.14324361672909,0.7066139647945605,7.341471,-0.0670852659176029,0.6133516639791039,5.471427,3.5762413033707867,0.7520025439824317,5.353353
SWEAT_039DTG2,SWEAT-039,DTG2,thresh,turn,9.79,1.5,7.789999999999999,11.79,19.29,6.289999999999999,7.5,0.4769475357710652,0.4,8.970698464228935,0.955525074875864,6.634201000000001,0.5316840031796503,0.8099113578471882,6.774375,4.004346224165341,0.8863660037427122,6.019273999999999,8.880511535286285,0.7134127363956055,5.077124,0.4002943315579227,0.6606193437015195,5.938359,4.189428260985353,0.6649294839619481,5.253498
SWEAT_001DTG3,SWEAT-001,DTG3,turn,turn,5.3043359375,0.0,3.3043359375000003,7.3043359375,13.8043359375,3.3043359375000003,6.499999999999999,0.907898003333688,0.4615384615384616,9.472204398791542,0.8638631556751272,4.446633,-0.0349564290030211,0.6444624180262296,3.899411,2.6005464743202413,0.943545008525583,4.518738,9.39585881846154,0.7684683961118031,5.115208000000001,0.0392734815384615,0.6738325649215541,4.322557,2.7353711630769237,0.7815396138936969,3.737149000000001
SWEAT_003DTG3,SWEAT-003,DTG3,turn,turn,16.94,9.44,14.94,18.94,24.44,5.5,5.5,0.5454545454545454,0.5454545454545454,9.386595823636364,0.9374431649675038,7.882991,0.3536181054545455,0.8552209574010449,5.832095000000001,2.8070587,1.0703099996181915,6.146082,9.25819164428312,1.2699907851039205,12.074468,0.2577441379310345,1.2566890891221432,11.493996,3.3340013176043555,1.5311393476380806,13.473781
SWEAT_005DTG3,SWEAT-005,DTG3,thresh,turn,15.16,4.67,13.16,17.16,26.16,8.49,9.0,0.3533568904593639,0.3333333333333333,9.317515491764706,0.9943254792910468,7.624349999999999,0.0235675411764705,0.6310132815211337,4.060055,3.080371863529412,0.6151472599773548,3.308391,9.322664110987793,0.9857601086818056,7.539224000000001,0.2059438091009988,0.7016635576955425,5.455326,3.015339716981132,0.6145523466109745,3.5493560000000004
SWEAT_006DTG3,SWEAT-006,DTG3,turn,turn,16.1,6.100000000000001,14.1,18.1,26.1,8.0,8.0,0.375,0.375,9.23851618,0.8557115479353601,5.519539,0.15842205625,0.7394727590460166,6.47231,3.315952415,0.7132407926961607,5.43807,9.27737268414482,0.9314628592691788,6.213906,0.2149240948813982,0.683762240558671,7.273864,3.2033041947565546,0.6962212909725436,6.529389
SWEAT_007DTG3,SWEAT-007,DTG3,turn,turn,14.344870397286822,4.344870397286822,12.344870397286822,16.344870397286822,24.344870397286822,8.0,8.0,0.375,0.375,9.34942930625,0.7830643353566534,4.719786999999999,0.23502024375,0.6629626416858603,5.910345,2.95618749375,0.7535951591730486,5.093825,9.431798645,0.7224766602154937,4.468302,0.302967395,0.6541192342231835,4.843016,2.68252300375,0.6353915814077322,3.2389330000000003
SWEAT_008DTG3,SWEAT-008,DTG3,thresh,turn,13.35,5.26,11.35,15.35,21.85,6.09,6.500000000000002,0.4926108374384236,0.4615384615384614,9.163487098360656,1.146379861573794,9.360686,-0.3314144262295082,0.7796158711431318,5.412989,3.531488690163935,1.2282949903851543,6.602725,9.086169453149,1.332935066251366,11.284553,-0.2765761259600614,1.0304380342992578,9.495843,3.760787771121352,1.3628822425220868,8.587829000000001
SWEAT_009DTG3,SWEAT-009,DTG3,thresh,turn,17.02,6.73,15.02,19.02,27.52,8.29,8.5,0.3618817852834741,0.3529411764705882,9.336073998795182,0.6544929773984407,4.51186,0.484814513253012,0.6065447723161695,4.320344,2.928924843373494,0.681270027452298,3.950961,9.25510652056404,0.55656318830308,3.627429,0.6699040552291422,0.5395580712875273,4.004932999999999,3.180290562867216,0.5738008696495663,3.0436830000000006
SWEAT_010DTG3,SWEAT-010,DTG3,turn,turn,27.48,15.98,25.48,29.48,38.98,9.5,9.500000000000004,0.3157894736842105,0.3157894736842104,9.549362843322818,0.6629790119065048,5.195364,0.2136471892744479,0.6258843389155323,4.506259999999999,2.1983078107255523,0.5651871689207365,3.573884,9.557530940063092,0.7076041819410824,6.5641,0.1740987991587802,0.7492253706221244,5.865031999999999,2.156176690851735,0.6017761243407216,3.380249
SWEAT_011DTG3,SWEAT-011,DTG3,thresh,turn,23.56,8.49,21.56,25.56,39.06,13.07,13.500000000000004,0.2295332823259372,0.2222222222222221,9.352016945718654,0.6363436911663235,4.588404999999999,-0.0487591758409785,0.4024771428413218,2.570497,2.9047364181957187,0.7465800238031066,3.117434,9.39795435677276,0.4555079341046577,2.795745,-0.0964693974833456,0.4114002914197578,2.346331,2.7569398889711327,0.5820489652817751,2.9102339999999995
SWEAT_012DTG3,SWEAT-012,DTG3,turn,turn,18.84,9.34,16.84,20.84,28.34,7.5,7.5,0.4,0.4,9.147429189081226,0.8836705237948687,9.543387,0.2005844687083888,0.8812591096518757,7.999203,3.552128135818908,0.8453557471402195,6.676327000000001,9.114755093209055,0.7577136623135372,7.883581999999999,0.0629650133155792,0.8711147158884052,5.973949,3.5948398308921434,0.8750878301577927,6.671757999999999
SWEAT_014DTG3,SWEAT-014,DTG3,thresh,turn,10.2,1.27,8.2,12.2,20.2,6.93,8.0,0.4329004329004329,0.375,9.433962083573483,0.9876584968477402,6.897469000000001,0.01001684870317,0.698771207616474,3.991628,2.685623373198847,0.6910989470500574,4.029501000000001,9.28467663420724,1.208493033810492,9.518144,-0.0622746716604244,0.8522578931828046,6.974567,3.157977384519351,0.7761119327949728,5.386585
SWEAT_015DTG3,SWEAT-015,DTG3,thresh,turn,8.25,1.2,6.25,10.25,15.75,5.05,5.5,0.594059405940594,0.5454545454545454,9.627614367588931,2.042832237200649,13.884626999999998,-0.0165341699604743,1.1226736421420995,6.200385000000001,1.9349735158102763,1.2720815908880894,6.462245,9.542692667876588,1.6842043577246544,9.397178,-0.0103323992740471,1.0791719793954522,6.698435,2.267330947368421,1.0768983659411764,5.914841
SWEAT_016DTG3,SWEAT-016,DTG3,thresh,turn,8.73,1.69,6.73,10.73,15.73,5.040000000000001,5.0,0.5952380952380951,0.6,9.44449361980198,0.9657809496159998,5.981641000000001,-0.1121251841584158,0.8479275126313989,4.489506,2.601771728712871,1.1402724863225515,5.901475,9.245028403193611,1.1818174117686326,6.427232,0.1042418343313373,0.9058743589524716,4.89131,3.229590598802396,1.3175031017788303,8.530765
SWEAT_017DTG3,SWEAT-017,DTG3,thresh,turn,13.07,4.86,11.07,15.07,21.57,6.21,6.5,0.4830917874396135,0.4615384615384615,9.387093368167202,0.9823697043828782,6.512584,-0.7106714935691318,0.7022217482142469,4.145603,2.8042624083601284,1.103830460014885,5.42421,9.381155815668205,1.1674917557728004,11.95258,-0.6814996298003073,0.768021025442929,7.275077,2.831268133640553,1.296046581433572,9.878873
SWEAT_018DTG3,SWEAT-018,DTG3,turn,turn,12.05,4.050000000000001,10.05,14.05,20.05,6.0,6.0,0.5,0.5,9.546835443333332,0.92867474386147,6.375511,0.12679051,0.9013312565015448,6.670887,1.9139623316666663,1.0259461323824195,6.191327,9.487846532445923,0.8071857498977705,5.178815,0.2116161114808652,0.7377838378432972,5.278581,2.2135892329450915,0.95008751593468,4.958787
SWEAT_019DTG3,SWEAT-019,DTG3,turn,turn,13.67,4.67,11.67,15.67,22.67,7.0,7.000000000000002,0.4285714285714285,0.4285714285714284,9.287713346647644,0.8941306202880891,5.955309,-0.449872730385164,0.6993507148930934,5.216095,2.807693199714693,0.9948809791157774,4.5313170000000005,9.304863370898715,1.0479970123510038,7.108103,-0.4399986776034237,0.8856577677689758,6.0185200000000005,2.8150611412268187,0.956188197641188,5.292199999999999
SWEAT_020DTG3,SWEAT-020,DTG3,turn,turn,11.840829396802324,5.340829396802324,9.840829396802324,13.840829396802324,18.340829396802324,4.5,4.5,0.6666666666666666,0.6666666666666666,9.373779886666666,1.5955785252102033,9.352917,-0.3243476266666666,1.483906542214003,7.967226,2.764893584444444,1.3563752821982509,10.866121,9.177795851111112,1.7913893159665886,12.345897,-0.4635102911111111,1.8154498120061808,14.534102,3.2095613977777777,1.631850787084283,9.953867
SWEAT_021DTG3,SWEAT-021,DTG3,thresh,turn,9.438778842659886,1.07,7.438778842659886,11.438778842659886,17.938778842659886,6.368778842659886,6.5,0.4710479157959057,0.4615384615384615,9.629146728414442,1.1032998270575365,8.182713,-0.3090673045525902,0.7643394569184251,5.092279,1.9033716357927783,0.7793836749157421,4.930829,9.608733736923076,1.0596829707756517,8.054103,-0.0256020523076923,0.8545000078803044,7.875675999999999,2.0907496061538464,0.9097477984695498,6.335807
SWEAT_022DTG3,SWEAT-022,DTG3,turn,turn,11.65371831849564,2.15371831849564,9.65371831849564,13.65371831849564,21.15371831849564,7.5,7.500000000000002,0.4,0.3999999999999999,9.308184865333336,0.871105466029807,6.493083,0.1259792613333333,0.9104227090264484,7.035229,-2.8163246973333327,0.8297023155685644,4.947557,9.276313774666669,0.8795887205315304,6.433801000000001,0.1454503786666666,0.8008307948464822,7.009874,-2.906211173333334,0.8607602919416699,4.236373
SWEAT_023DTG3,SWEAT-023,DTG3,thresh,turn,12.19,3.52,10.19,14.19,20.69,6.67,6.499999999999998,0.4497751124437781,0.4615384615384617,9.78123492065868,1.0594655980307977,9.069004,-0.516582002994012,0.7428655059152024,5.071597,0.3447818532934131,0.9547447173901203,6.240485,9.769934327692306,1.2200867261560946,9.148705,-0.5625644353846153,0.7214546049530488,4.507677,0.7610708230769231,0.7738879105640246,7.046041
SWEAT_024DTG3,SWEAT-024,DTG3,thresh,turn,9.14,0.22,7.140000000000001,11.14,19.64,6.920000000000001,8.5,0.4335260115606936,0.3529411764705882,9.581710176046176,0.7949004069782923,6.540008,-0.5505616392496393,0.6913278927109552,6.1656,2.1555845670995675,0.7445429782897232,4.306479,9.61949876615746,0.716669444595771,5.791347999999999,-0.5427655499412457,0.6976114788486641,6.199164,1.9079887367802584,0.7159067880858231,3.577478
SWEAT_025DTG3,SWEAT-025,DTG3,turn,turn,10.414508009326552,0.0,8.414508009326552,12.414508009326552,20.62,8.414508009326552,8.20549199067345,0.3565270835412875,0.3656087902358407,9.60389598574822,0.7372277974678689,6.319558000000001,-0.7441151437054632,0.443276383773151,3.490718,1.906580235154394,0.5931009559243955,2.767124,9.596205368292685,0.8206141447877812,8.37997,-0.7572981,0.4531883099667583,4.030759,1.927862174390244,0.6557598546955709,4.636249
SWEAT_026DTG3,SWEAT-026,DTG3,turn,turn,13.250185092659883,2.2501850926598834,11.250185092659883,15.250185092659883,24.250185092659883,9.0,9.0,0.3333333333333333,0.3333333333333333,9.40100517,0.7336098955327711,6.389151,-0.6147478966666666,0.6927262187987829,5.691957,2.855844943333333,0.7011571451487922,4.574695,9.34795728,0.6460929614839952,5.025931,-0.691758038888889,0.6522041726179767,4.798972,2.985382116666667,0.6124541258441909,4.308966000000001
SWEAT_027DTG3,SWEAT-027,DTG3,thresh,turn,15.05,4.9,13.05,17.05,25.05,8.15,8.0,0.3680981595092024,0.375,9.552247100490195,0.9203675554813192,9.108873,-0.4481250453431372,0.7341548024549944,5.489847,2.2913312022058823,0.9019157265608952,4.91387,9.59542427091136,0.7944350063896974,5.95755,-0.5213025992509364,0.5956169193495586,4.138914,2.054986938826467,0.7124868091852027,3.682621
SWEAT_028DTG3,SWEAT-028,DTG3,turn,turn,12.48,2.9800000000000004,10.48,14.48,21.98,7.5,7.5,0.4,0.4,9.596490577333332,1.0339163343195277,8.677571,-0.3239836319999999,0.6615518838561325,3.854008,2.0333998986666666,0.9738643394317098,5.843945000000001,9.60612292942743,1.0403449965466247,8.851759000000001,-0.2774241984021305,0.82465588602048,5.01075,2.054607242343542,0.953612746666156,5.607545
SWEAT_029DTG3,SWEAT-029,DTG3,turn,turn,14.15,3.1500000000000004,12.15,16.15,25.15,9.0,9.0,0.3333333333333333,0.3333333333333333,9.489487774444443,0.8249618433549902,5.315649,0.1311201833333333,0.670428246408795,4.567992,2.545388005555556,0.8354468316634259,4.222665,9.286778660377358,0.8567334395075308,6.541166,0.1097684017758046,0.667923566138202,4.6937370000000005,3.211834364039956,0.7693118543758596,4.869826
SWEAT_030DTG3,SWEAT-030,DTG3,thresh,turn,12.16,3.37,10.16,14.16,20.66,6.79,6.5,0.4418262150220913,0.4615384615384615,8.716740480882352,0.8694602334092177,5.326454000000001,-0.9663444514705882,0.6541442627453538,4.269567,4.258363089705883,0.7418696546403607,3.671915,8.72507938248848,1.2429594048639117,10.263269,-0.9603892734254992,0.8876900029516913,8.919806999999999,4.271699529953917,0.7009565397624968,4.4779040000000006
SWEAT_031DTG3,SWEAT-031,DTG3,turn,turn,15.18,7.68,13.18,17.18,22.68,5.5,5.5,0.5454545454545454,0.5454545454545454,9.601456029038111,1.4049704845026278,10.286219,-0.4776977441016334,1.1384550387636416,7.023671,1.8139071088929224,1.253527350116876,7.821881,9.537497223230492,1.61230418486032,13.890038,-0.5890737295825771,1.8001493153921275,15.820512,1.818151666061706,1.555825602012347,14.771588
SWEAT_033DTG3,SWEAT-033,DTG3,thresh,turn,14.35,5.43,12.35,16.35,23.35,6.92,7.0,0.4335260115606936,0.4285714285714285,9.51658421067821,0.8233752528179801,6.269393,-0.4709046291486291,0.5572447879977682,4.173659000000001,2.286316165945166,0.8568563661483517,5.162923,9.494010803138377,0.8436681223579954,7.461178,-0.4352851469329529,0.8296123751559158,10.030075,2.4106221997146933,1.2039703755591402,7.403445
SWEAT_034DTG3,SWEAT-034,DTG3,thresh,turn,13.193449536700584,4.88,11.193449536700584,15.193449536700584,21.193449536700584,6.313449536700584,6.0,0.4751760479846654,0.5,9.485389525316457,1.2116886117343375,9.580217,-0.3432895221518987,0.8032466278953965,5.851395999999999,2.3886792768987344,0.9060892260038942,5.662198999999999,9.516329948333334,1.3710586861616072,8.481553000000002,-0.2846395483333333,0.9041074823995195,5.595881,2.4119556933333333,0.9373502344483192,5.378585
SWEAT_035DTG3,SWEAT-035,DTG3,thresh,turn,16.77038347111192,7.0,14.77038347111192,18.77038347111192,26.77038347111192,7.77038347111192,8.0,0.3860813319127876,0.375,9.364026721079693,1.033117827074265,7.031632,0.3941231825192802,0.7785827257714506,5.3044150000000005,2.898354560411311,0.7421719593178066,4.498175,9.32926860875,0.8905487958499049,6.759651,0.3552298275,0.6330985384591014,5.150091,3.0241243275000005,0.6057290209593129,3.495755
SWEAT_036DTG3,SWEAT-036,DTG3,thresh,turn,10.23,2.38,8.23,12.23,19.23,5.8500000000000005,7.0,0.5128205128205128,0.4285714285714285,9.269198523890786,1.2093273515989813,8.396709999999999,0.5053654027303754,0.7449527792098889,4.426777,3.213498315699659,0.7476923146583297,4.804746,9.30509619400856,1.021560455276944,6.817818000000001,0.5920134336661911,0.6738200705999073,4.349086,3.1395511797432243,0.7136697662665779,3.997098
SWEAT_037DTG3,SWEAT-037,DTG3,thresh,turn,8.93,1.71,6.93,10.93,16.43,5.22,5.5,0.574712643678161,0.5454545454545454,9.56874224665392,1.1594591632918263,9.966826,0.0343334263862332,0.8571071785421481,5.73101,2.298189351816444,1.0327507506138742,6.462898,9.589616669691472,1.2331596659351491,10.127306999999998,0.0515528148820326,0.9030112953678338,5.37286,2.1253961488203266,1.0076396900142484,9.1725
SWEAT_038DTG3,SWEAT-038,DTG3,thresh,turn,9.84,1.15,7.84,11.84,19.34,6.69,7.5,0.4484304932735426,0.4,8.563169088059702,0.9319133974065432,5.605976999999999,0.6074322343283582,0.7326842344577856,5.245732,4.755794935820895,0.8663734256330331,4.827971,8.596841703062582,0.7409678046163543,5.575030000000001,0.5026586484687083,0.6784707589486687,5.217646,4.70727007723036,0.6920045194500954,4.006354999999999
SWEAT_039DTG3,SWEAT-039,DTG3,turn,turn,10.09,1.59,8.09,12.09,18.59,6.5,6.5,0.4615384615384615,0.4615384615384615,9.2192384546851,0.8897377677381472,4.779976,0.3513813394777265,0.7719356596931539,6.170432,3.3998896943164363,0.8787993997244669,4.608955,9.199486285714286,1.0887857230635518,8.191756999999999,0.2794796774193548,0.7879732757787653,4.864196,3.3865749677419354,0.8575335499842769,5.792795
