sheet,participant,condition,n_samples,fs_hz,logged_duration_s,window_method,turn_time_s,turn_peak_gyro_mag,onset_s,offset_s,detected_duration_s,duration_diff_s,window_clipped,bout_onset_s,bout_offset_s,bout_duration_s,bout_duration_diff_s,n_bouts,trial_notes
SWEAT_001DTGTRIAL,SWEAT-001,DTG_TRIAL,2305,100.0,23.0,turn_anchored,16.43,41.72476484888912,4.93,23.04,18.11,-4.890000000000001,True,11.85,22.15,10.3,-12.7,2,"Test 1 - trial 2 - hands off hips, repeated rep and that one recorded = 21 seconds"
SWEAT_001DTG1,SWEAT-001,DTG1,2142,100.0,21.0,turn_anchored,8.58,217.07008966849762,0.0,19.08,19.08,-1.9200000000000017,True,0.03,19.47,19.44,-1.5599999999999987,2,"Test 1 - trial 2 - hands off hips, repeated rep and that one recorded = 21 seconds"
SWEAT_001DTG2,SWEAT-001,DTG2,1883,100.0,19.0,turn_anchored,8.71,235.326154802999,0.0,18.21,18.21,-0.7899999999999991,True,0.28,17.88,17.6,-1.3999999999999986,1,"Test 1 - trial 2 - hands off hips, repeated rep and that one recorded = 21 seconds"
SWEAT_001DTG3,SWEAT-001,DTG3,1506,100.0,17.0,turn_anchored,9.41,36.72778419174042,0.91,15.05,14.14,-2.8599999999999994,True,6.76,14.53,7.77,-9.23,2,"Test 1 - trial 2 - hands off hips, repeated rep and that one recorded = 21 seconds"
SWEAT_002DTGTRIAL,SWEAT-002,DTG_TRIAL,2260,100.0,22.0,turn_anchored,11.96,157.213016441798,0.96,22.59,21.63,-0.370000000000001,True,0.44,22.59,22.15,0.14999999999999858,1,Test 3 - opted out
SWEAT_002DTG1,SWEAT-002,DTG1,2142,100.0,21.0,turn_anchored,10.22,184.347993908231,0.0,20.72,20.72,-0.28000000000000114,True,0.28,19.72,19.44,-1.5599999999999987,2,Test 3 - opted out
SWEAT_002DTG2,SWEAT-002,DTG2,3858,100.0,19.0,turn_anchored,17.27,201.19878484898808,7.77,26.77,19.0,0.0,False,5.78,34.69,28.91,9.91,3,Test 3 - opted out
SWEAT_003DTGTRIAL,SWEAT-003,DTG_TRIAL,1576,100.0,14.0,turn_anchored,7.13,315.92904692346514,0.13,14.13,14.0,0.0,False,0.53,14.38,13.85,-0.15000000000000036,1,
SWEAT_003DTG1,SWEAT-003,DTG1,1555,100.0,15.0,turn_anchored,6.44,241.35170924764998,0.0,13.94,13.94,-1.0600000000000005,True,0.0,11.4,11.4,-3.5999999999999996,2,
SWEAT_003DTG2,SWEAT-003,DTG2,2986,100.0,17.0,turn_anchored,16.18,284.6292201931285,7.68,24.68,17.0,0.0,False,6.51,29.85,23.34,6.34,1,
SWEAT_003DTG3,SWEAT-003,DTG3,3172,100.0,15.0,turn_anchored,16.94,216.72034263937795,9.44,24.44,15.0,0.0,False,9.43,31.71,22.28,7.280000000000001,3,
SWEAT_004DTGTRIAL,SWEAT-004,DTG_TRIAL,2186,100.0,22.0,turn_anchored,9.14,356.5083127067317,0.0,20.14,20.14,-1.8599999999999994,True,0.09,11.99,11.9,-10.1,3,Test 3 - opted out
SWEAT_004DTG1,SWEAT-004,DTG1,2129,100.0,22.0,turn_anchored,9.55,318.82758195060427,0.0,20.55,20.55,-1.4499999999999993,True,0.0,19.39,19.39,-2.6099999999999994,1,Test 3 - opted out
SWEAT_004DTG2,SWEAT-004,DTG2,6620,100.0,20.0,turn_anchored,22.41,206.00479738417306,12.41,32.41,20.0,0.0,False,11.17,41.97,30.8,10.8,5,Test 3 - opted out
SWEAT_005DTG TRIAL,SWEAT-005,DTG_TRIAL,2671,100.0,27.0,turn_anchored,13.91,198.4722718358515,0.41,26.7,26.29,-0.7100000000000009,True,9.31,26.66,17.35,-9.649999999999999,3,
SWEAT_005DTG1,SWEAT-005,DTG1,2109,100.0,20.0,turn_anchored,9.74,52.90656947927285,0.0,19.74,19.74,-0.26000000000000156,True,0.64,11.24,10.6,-9.4,2,
SWEAT_005DTG2,SWEAT-005,DTG2,1889,100.0,19.0,turn_anchored,14.19,39.37388633364839,4.69,18.88,14.19,-4.8100000000000005,True,8.78,17.93,9.15,-9.85,2,
SWEAT_005DTG3,SWEAT-005,DTG3,4220,100.0,22.0,turn_anchored,15.16,195.3674102560142,4.16,26.16,22.0,0.0,False,4.67,29.35,24.68,2.6799999999999997,3,
SWEAT_006DTG TRIAL,SWEAT-006,DTG_TRIAL,5060,100.0,16.0,turn_anchored,12.59,320.2034879008022,4.59,20.59,16.0,0.0,False,4.37,22.36,17.99,1.9899999999999984,5,
SWEAT_006DTG1,SWEAT-006,DTG1,2293,100.0,17.0,turn_anchored,11.28,263.91389883101647,2.78,19.78,17.0,0.0,False,3.26,22.89,19.63,2.629999999999999,1,
SWEAT_006DTG2,SWEAT-006,DTG2,4778,100.0,19.0,turn_anchored,12.61,261.2443880297962,3.11,22.11,19.0,0.0,False,1.82,24.18,22.36,3.3599999999999994,4,
SWEAT_006DTG3,SWEAT-006,DTG3,5131,100.0,20.0,turn_anchored,16.1,218.43938464230084,6.1,26.1,20.0,0.0,False,6.33,35.06,28.73,8.73,3,
SWEAT_007DTG TRIAL,SWEAT-007,DTG_TRIAL,3053,100.0,21.0,turn_anchored,14.14,144.37922213959948,3.64,24.64,21.0,0.0,False,2.96,27.4,24.44,3.4400000000000013,2,
SWEAT_007DTG1,SWEAT-007,DTG1,3475,100.0,22.0,turn_anchored,13.84,177.31678815090802,2.84,24.84,22.0,0.0,False,3.86,27.55,23.69,1.6900000000000013,3,
SWEAT_007DTG2,SWEAT-007,DTG2,4644,100.0,22.0,turn_anchored,20.31,249.85049756922768,9.31,31.31,22.0,0.0,False,8.61,41.77,33.16,11.159999999999997,3,
SWEAT_007DTG3,SWEAT-007,DTG3,22984,100.0,20.0,turn_anchored,41.21,5288.365117806112,31.21,51.21,20.0,0.0,False,0.0,56.15,56.15,36.15,13,
SWEAT_008DTG TRIAL,SWEAT-008,DTG_TRIAL,1438,100.0,22.0,turn_anchored,7.11,619.9941118636664,0.0,14.37,14.37,-7.630000000000001,True,2.73,14.37,11.64,-10.36,1,
SWEAT_008DTG1,SWEAT-008,DTG1,2086,100.0,18.0,turn_anchored,5.7,780.2156431035197,0.0,14.7,14.7,-3.3000000000000007,True,2.68,15.41,12.73,-5.27,2,
SWEAT_008DTG2,SWEAT-008,DTG2,88573,100.0,21.0,turn_anchored,303.22,2.4699884741477467,292.72,313.72,21.0,0.0,False,242.72,366.47,123.75,102.75,56,
SWEAT_008DTG3,SWEAT-008,DTG3,3549,100.0,17.0,turn_anchored,13.35,285.96838790177213,4.85,21.85,17.0,0.0,False,5.26,30.45,25.19,8.190000000000001,2,
SWEAT_009DTGTRIAL,SWEAT-009,DTG_TRIAL,4761,100.0,23.0,turn_anchored,19.26,248.15012587487834,7.76,30.76,23.0,0.0,False,4.7,37.44,32.74,9.740000000000002,2,
SWEAT_009DTG1,SWEAT-009,DTG1,7854,100.0,23.0,turn_anchored,22.67,280.2022377755138,11.17,34.17,23.0,0.0,False,11.08,56.55,45.47,22.47,7,
SWEAT_009DTG2,SWEAT-009,DTG2,8460,100.0,23.0,turn_anchored,27.93,255.8210038523141,16.43,39.43,23.0,0.0,False,11.86,44.81,32.95,9.950000000000003,9,
SWEAT_009DTG3,SWEAT-009,DTG3,4742,100.0,21.0,turn_anchored,17.02,250.68417985762,6.52,27.52,21.0,0.0,False,6.73,36.95,30.22,9.219999999999999,3,
SWEAT_010DTGTRIAL,SWEAT-010,DTG_TRIAL,2474,100.0,24.0,turn_anchored,11.86,182.47770016159896,0.0,23.86,23.86,-0.14000000000000057,True,0.12,21.57,21.45,-2.5500000000000007,2,
SWEAT_010DTG1,SWEAT-010,DTG1,2584,100.0,25.0,turn_anchored,12.11,181.749258464922,0.0,24.61,24.61,-0.39000000000000057,True,0.0,25.73,25.73,0.7300000000000004,1,
SWEAT_010DTG2,SWEAT-010,DTG2,2296,100.0,23.0,turn_anchored,11.36,220.6955541980958,0.0,22.86,22.86,-0.14000000000000057,True,7.95,22.83,14.88,-8.12,2,
SWEAT_010DTG3,SWEAT-010,DTG3,6708,100.0,23.0,turn_anchored,27.48,232.40502869321674,15.98,38.98,23.0,0.0,False,9.98,52.35,42.37,19.369999999999997,2,
SWEAT_011DTGTRIAL,SWEAT-011,DTG_TRIAL,8679,100.0,32.0,turn_anchored,25.69,199.30062864460277,9.69,41.69,32.0,0.0,False,9.51,50.89,41.38,9.380000000000003,4,
SWEAT_011DTG1,SWEAT-011,DTG1,4837,100.0,29.0,turn_anchored,21.09,229.37635269823733,6.59,35.59,29.0,0.0,False,6.35,40.76,34.41,5.409999999999997,3,
SWEAT_011DTG2,SWEAT-011,DTG2,6875,100.0,26.0,turn_anchored,21.35,204.81377269027604,8.35,34.35,26.0,0.0,False,7.88,52.84,44.96,18.96,2,
SWEAT_011DTG3,SWEAT-011,DTG3,5208,100.0,31.0,turn_anchored,23.56,224.7072724780889,8.06,39.06,31.0,0.0,False,8.49,45.18,36.69,5.689999999999998,3,
SWEAT_012DTGTRIAL,SWEAT-012,DTG_TRIAL,5444,100.0,28.0,turn_anchored,26.39,152.54250500570654,12.39,40.39,28.0,0.0,False,8.97,54.4,45.43,17.43,1,
SWEAT_012DTG1,SWEAT-012,DTG1,7168,100.0,26.0,turn_anchored,47.03,188.96175875660344,34.03,60.03,26.0,0.0,False,32.78,71.67,38.89,12.89,3,
SWEAT_012DTG2,SWEAT-012,DTG2,7627,100.0,22.0,turn_anchored,18.05,182.721129942473,7.05,29.05,22.0,0.0,False,5.4,45.53,40.13,18.130000000000003,3,
SWEAT_012DTG3,SWEAT-012,DTG3,8085,100.0,19.0,turn_anchored,18.84,191.72535252191742,9.34,28.34,19.0,0.0,False,2.36,60.59,58.23,39.23,3,
SWEAT_014DTG TRIAL,SWEAT-014,DTG_TRIAL,2314,100.0,18.0,turn_anchored,10.36,301.2751902130279,1.36,19.36,18.0,0.0,False,1.11,21.69,20.58,2.5799999999999983,1,
SWEAT_014DTG1,SWEAT-014,DTG1,4204,100.0,18.0,turn_anchored,10.19,237.15266552747647,1.19,19.19,18.0,0.0,False,1.81,23.91,22.1,4.100000000000001,5,
SWEAT_014DTG2,SWEAT-014,DTG2,2951,100.0,19.0,turn_anchored,12.82,239.23933292505353,3.32,22.32,19.0,0.0,False,2.03,24.75,22.72,3.719999999999999,2,
SWEAT_014DTG3,SWEAT-014,DTG3,2440,100.0,20.0,turn_anchored,10.2,254.9381170425698,0.2,20.2,20.0,0.0,False,1.27,20.71,19.44,-0.5599999999999987,2,
SWEAT_015DTG TRIAL,SWEAT-015,DTG_TRIAL,2004,100.0,17.0,turn_anchored,7.15,251.93341822548925,0.0,15.65,15.65,-1.3499999999999996,True,0.0,12.06,12.06,-4.9399999999999995,2,
SWEAT_015DTG1,SWEAT-015,DTG1,1534,100.0,15.0,turn_anchored,7.11,370.1365221674463,0.0,14.61,14.61,-0.39000000000000057,True,0.39,9.5,9.11,-5.890000000000001,2,
SWEAT_015DTG2,SWEAT-015,DTG2,2158,100.0,15.0,turn_anchored,8.78,317.33088700223766,1.28,16.28,15.0,0.0,False,2.05,17.87,15.82,0.8200000000000003,2,
SWEAT_015DTG3,SWEAT-015,DTG3,1871,100.0,15.0,turn_anchored,8.25,266.5063095200707,0.75,15.75,15.0,0.0,False,1.2,16.5,15.3,0.3000000000000007,1,
SWEAT_016DTG TRIAL,SWEAT-016,DTG_TRIAL,5113,100.0,17.0,turn_anchored,8.93,276.1947815658469,0.43,17.43,17.0,0.0,False,0.0,24.73,24.73,7.73,5,
SWEAT_016DTG1,SWEAT-016,DTG1,2698,100.0,16.0,turn_anchored,9.03,286.70359798280987,1.03,17.03,16.0,0.0,False,1.78,17.96,16.18,0.17999999999999972,3,
SWEAT_016DTG2,SWEAT-016,DTG2,1390,100.0,15.0,turn_anchored,6.64,305.28516407426116,0.0,13.89,13.89,-1.1099999999999994,True,0.0,13.89,13.89,-1.1099999999999994,1,
SWEAT_016DTG3,SWEAT-016,DTG3,1863,100.0,14.0,turn_anchored,8.73,252.33011044672665,1.73,15.73,14.0,0.0,False,1.69,16.97,15.28,1.2799999999999994,1,
SWEAT_017DTG TRIAL,SWEAT-017,DTG_TRIAL,1896,100.0,20.0,turn_anchored,9.13,251.46068780961312,0.0,18.95,18.95,-1.0500000000000007,True,2.38,18.81,16.43,-3.5700000000000003,2,
SWEAT_017DTG1,SWEAT-017,DTG1,1825,100.0,18.0,turn_anchored,8.42,219.94811838886943,0.0,17.42,17.42,-0.5799999999999983,True,1.19,18.24,17.05,-0.9499999999999993,1,
SWEAT_017DTG2,SWEAT-017,DTG2,1552,100.0,16.0,turn_anchored,7.25,233.52542627107516,0.0,15.25,15.25,-0.75,True,0.36,15.51,15.15,-0.8499999999999996,1,
SWEAT_017DTG3,SWEAT-017,DTG3,3348,100.0,17.0,turn_anchored,13.07,231.5980977067111,4.57,21.57,17.0,0.0,False,4.86,25.68,20.82,3.8200000000000003,3,
SWEAT_018DTG TRIAL,SWEAT-018,DTG_TRIAL,3993,100.0,16.0,turn_anchored,12.95,254.82529379165135,4.95,20.95,16.0,0.0,False,3.59,24.87,21.28,5.280000000000001,5,MCTSIB Test 3 at 17:12 - recorded as 017 in error)
SWEAT_018DTG1,SWEAT-018,DTG1,4904,100.0,17.0,turn_anchored,13.44,260.40777739603965,4.94,21.94,17.0,0.0,False,3.25,32.26,29.01,12.010000000000002,4,MCTSIB Test 3 at 17:12 - recorded as 017 in error)
SWEAT_018DTG2,SWEAT-018,DTG2,3982,100.0,16.0,turn_anchored,13.55,262.4902287942127,5.55,21.55,16.0,0.0,False,5.27,24.03,18.76,2.7600000000000016,3,MCTSIB Test 3 at 17:12 - recorded as 017 in error)
SWEAT_018DTG3,SWEAT-018,DTG3,4187,100.0,16.0,turn_anchored,12.05,281.0398835325899,4.05,20.05,16.0,0.0,False,2.69,24.56,21.87,5.870000000000001,5,MCTSIB Test 3 at 17:12 - recorded as 017 in error)
SWEAT_019DTG TRIAL,SWEAT-019,DTG_TRIAL,5634,100.0,33.0,turn_anchored,22.9,177.7557497094432,6.4,39.4,33.0,0.0,False,4.14,40.51,36.37,3.3699999999999974,4,Never done DTG before
SWEAT_019DTG1,SWEAT-019,DTG1,3582,100.0,26.0,turn_anchored,17.17,247.7561461128362,4.17,30.17,26.0,0.0,False,4.35,33.27,28.92,2.9200000000000017,2,Never done DTG before
SWEAT_019DTG2,SWEAT-019,DTG2,3785,100.0,19.0,turn_anchored,11.96,255.37257347282954,2.46,21.46,19.0,0.0,False,3.16,32.29,29.13,10.129999999999999,2,Never done DTG before
SWEAT_019DTG3,SWEAT-019,DTG3,6148,100.0,18.0,turn_anchored,13.67,208.70012847367698,4.67,22.67,18.0,0.0,False,3.02,39.35,36.33,18.33,3,Never done DTG before
SWEAT_020DTG TRIAL,SWEAT-020,DTG_TRIAL,2531,100.0,17.0,turn_anchored,12.83,277.14468914063286,4.33,21.33,17.0,0.0,False,3.28,24.75,21.47,4.469999999999999,1,
SWEAT_020DTG1,SWEAT-020,DTG1,3130,100.0,14.0,turn_anchored,11.45,256.8221302079055,4.45,18.45,14.0,0.0,False,4.08,23.92,19.84,5.84,2,
SWEAT_020DTG2,SWEAT-020,DTG2,1440,100.0,14.0,turn_anchored,6.65,264.2937904882487,0.0,13.65,13.65,-0.34999999999999964,True,0.0,14.39,14.39,0.39000000000000057,1,
SWEAT_020DTG3,SWEAT-020,DTG3,3640,100.0,13.0,turn_anchored,26.22,7511.941219437235,19.72,32.72,13.0,0.0,False,3.16,33.36,30.2,17.2,1,
SWEAT_021DTG TRIAL,SWEAT-021,DTG_TRIAL,3180,100.0,24.0,turn_anchored,13.96,250.63572743765775,1.96,25.96,24.0,0.0,False,4.08,30.83,26.75,2.75,1,
SWEAT_021DTG1,SWEAT-021,DTG1,2891,100.0,20.0,turn_anchored,12.28,182.98739698168848,2.28,22.28,20.0,0.0,False,2.43,28.07,25.64,5.640000000000001,1,
SWEAT_021DTG2,SWEAT-021,DTG2,4451,100.0,19.0,turn_anchored,14.71,215.01623831754816,5.21,24.21,19.0,0.0,False,2.98,27.34,24.36,5.359999999999999,2,
SWEAT_021DTG3,SWEAT-021,DTG3,6526,100.0,17.0,turn_anchored,28.12,2486.3532164135595,19.62,36.62,17.0,0.0,False,1.07,32.16,31.09,14.09,8,
SWEAT_022DTG TRIAL,SWEAT-022,DTG_TRIAL,2395,100.0,24.0,turn_anchored,12.09,234.5369021658318,0.09,23.94,23.85,-0.14999999999999858,True,6.19,23.75,17.56,-6.440000000000001,2,
SWEAT_022DTG1,SWEAT-022,DTG1,2092,100.0,21.0,turn_anchored,9.58,257.0216868886805,0.0,20.08,20.08,-0.9200000000000017,True,0.27,20.91,20.64,-0.35999999999999943,1,
SWEAT_022DTG2,SWEAT-022,DTG2,2026,100.0,21.0,turn_anchored,10.01,235.8835594152281,0.0,20.25,20.25,-0.75,True,0.0,19.96,19.96,-1.0399999999999991,1,
SWEAT_022DTG3,SWEAT-022,DTG3,6765,100.0,19.0,turn_anchored,37.01,1880.4420203574668,27.51,46.51,19.0,0.0,False,0.0,44.49,44.49,25.490000000000002,4,
SWEAT_023DTG TRIAL,SWEAT-023,DTG_TRIAL,2670,100.0,20.0,turn_anchored,12.57,230.49473613193436,2.57,22.57,20.0,0.0,False,2.8,26.21,23.41,3.41,1,
SWEAT_023DTG1,SWEAT-023,DTG1,2204,100.0,17.0,turn_anchored,9.87,269.9982795538553,1.37,18.37,17.0,0.0,False,1.66,21.99,20.33,3.3299999999999983,1,
SWEAT_023DTG2,SWEAT-023,DTG2,3170,100.0,19.0,turn_anchored,14.51,223.73636190997135,5.01,24.01,19.0,0.0,False,5.74,31.69,25.95,6.949999999999999,1,
SWEAT_023DTG3,SWEAT-023,DTG3,3849,100.0,17.0,turn_anchored,12.19,229.85677480631716,3.69,20.69,17.0,0.0,False,3.52,24.18,20.66,3.66,4,
SWEAT_024DTG TRIAL,SWEAT-024,DTG_TRIAL,2319,100.0,23.0,turn_anchored,11.45,181.0196051679713,0.0,22.95,22.95,-0.05000000000000071,True,7.52,23.18,15.66,-7.34,2,
SWEAT_024DTG1,SWEAT-024,DTG1,1955,100.0,19.0,turn_anchored,9.3,186.7874045835136,0.0,18.8,18.8,-0.1999999999999993,True,0.0,19.22,19.22,0.21999999999999886,1,
SWEAT_024DTG2,SWEAT-024,DTG2,1793,100.0,18.0,turn_anchored,8.2,161.65036115050546,0.0,17.2,17.2,-0.8000000000000007,True,0.22,17.92,17.7,-0.3000000000000007,1,
SWEAT_024DTG3,SWEAT-024,DTG3,2043,100.0,21.0,turn_anchored,9.14,225.1571680082044,0.0,19.64,19.64,-1.3599999999999994,True,0.22,20.42,20.2,-0.8000000000000007,1,
SWEAT_025DTG TRIAL,SWEAT-025,DTG_TRIAL,3545,100.0,19.0,turn_anchored,10.45,183.03685580179743,0.95,19.95,19.0,0.0,False,0.51,22.76,22.25,3.25,3,
SWEAT_025DTG1,SWEAT-025,DTG1,4151,100.0,20.0,turn_anchored,10.63,235.6983391576716,0.63,20.63,20.0,0.0,False,0.0,28.04,28.04,8.04,4,
SWEAT_025DTG2,SWEAT-025,DTG2,2099,100.0,20.0,turn_anchored,10.02,232.90333611517295,0.02,20.02,20.0,0.0,False,4.26,20.51,16.25,-3.75,3,
SWEAT_025DTG3,SWEAT-025,DTG3,2062,100.0,21.0,turn_anchored,17.36,53.776744822205266,6.86,20.61,13.75,-7.25,True,10.07,19.56,9.49,-11.51,2,
SWEAT_026DTG TRIAL,SWEAT-026,DTG_TRIAL,2643,100.0,27.0,turn_anchored,11.02,137.177469462495,0.0,24.52,24.52,-2.4800000000000004,True,9.52,23.19,13.67,-13.33,3,
SWEAT_026DTG1,SWEAT-026,DTG1,2586,100.0,25.0,turn_anchored,11.83,336.57609955965376,0.0,24.33,24.33,-0.6700000000000017,True,10.0,23.84,13.84,-11.16,3,
SWEAT_026DTG2,SWEAT-026,DTG2,2263,100.0,24.0,turn_anchored,9.47,275.6362307273588,0.0,21.47,21.47,-2.530000000000001,True,0.0,17.51,17.51,-6.489999999999998,2,
SWEAT_026DTG3,SWEAT-026,DTG3,3290,100.0,22.0,turn_anchored,29.81,1133.3466787141203,18.81,32.89,14.08,-7.92,True,20.85,32.89,12.04,-9.96,3,
SWEAT_027DTG TRIAL,SWEAT-027,DTG_TRIAL,7550,100.0,19.0,turn_anchored,11.22,207.45358842663228,1.72,20.72,19.0,0.0,False,0.05,39.28,39.23,20.229999999999997,4,
SWEAT_027DTG1,SWEAT-027,DTG1,4655,100.0,21.0,turn_anchored,10.66,273.9517366101888,0.16,21.16,21.0,0.0,False,0.52,30.83,30.31,9.309999999999999,3,
SWEAT_027DTG2,SWEAT-027,DTG2,1964,100.0,20.0,turn_anchored,9.42,255.43080849904882,0.0,19.42,19.42,-0.5799999999999983,True,0.34,14.04,13.7,-6.300000000000001,2,
SWEAT_027DTG3,SWEAT-027,DTG3,4706,100.0,20.0,turn_anchored,15.05,228.65315062012195,5.05,25.05,20.0,0.0,False,4.9,28.47,23.57,3.5700000000000003,2,
SWEAT_028DTG TRIAL,SWEAT-028,DTG_TRIAL,4841,100.0,30.0,turn_anchored,16.78,238.0750105758314,1.78,31.78,30.0,0.0,False,3.59,37.85,34.26,4.259999999999998,2,
SWEAT_028DTG1,SWEAT-028,DTG1,3042,100.0,19.0,turn_anchored,11.4,275.07272970507836,1.9,20.9,19.0,0.0,False,2.52,25.15,22.63,3.629999999999999,2,
SWEAT_028DTG2,SWEAT-028,DTG2,1713,100.0,18.0,turn_anchored,5.79,65.02534203564545,0.0,14.79,14.79,-3.210000000000001,True,0.26,8.81,8.55,-9.45,2,
SWEAT_028DTG3,SWEAT-028,DTG3,3419,100.0,19.0,turn_anchored,12.48,294.2135360918258,2.98,21.98,19.0,0.0,False,2.58,26.76,24.18,5.18,2,
SWEAT_029DTG TRIAL,SWEAT-029,DTG_TRIAL,3864,100.0,34.0,turn_anchored,20.14,130.54472092602364,3.14,37.14,34.0,0.0,False,3.49,38.63,35.14,1.1400000000000006,1,
SWEAT_029DTG1,SWEAT-029,DTG1,3994,100.0,28.0,turn_anchored,32.75,318.1590739769586,18.75,39.93,21.18,-6.82,True,3.46,36.36,32.9,4.899999999999999,1,
SWEAT_029DTG2,SWEAT-029,DTG2,5569,100.0,28.0,turn_anchored,15.74,238.0609371375479,1.74,29.74,28.0,0.0,False,2.17,37.33,35.16,7.159999999999997,2,
SWEAT_029DTG3,SWEAT-029,DTG3,4808,100.0,22.0,turn_anchored,14.15,296.41643120158903,3.15,25.15,22.0,0.0,False,2.77,27.44,24.67,2.6700000000000017,5,
SWEAT_030DTG TRIAL,SWEAT-030,DTG_TRIAL,4753,100.0,24.0,turn_anchored,13.97,137.52707310643726,1.97,25.97,24.0,0.0,False,3.07,27.82,24.75,0.75,3,
SWEAT_030DTG1,SWEAT-030,DTG1,3639,100.0,21.0,turn_anchored,15.09,178.47581626367898,4.59,25.59,21.0,0.0,False,4.14,27.57,23.43,2.4299999999999997,2,
SWEAT_030DTG2,SWEAT-030,DTG2,6451,100.0,26.0,turn_anchored,20.42,190.70475261174292,7.42,33.42,26.0,0.0,False,5.72,34.12,28.4,2.3999999999999986,5,
SWEAT_030DTG3,SWEAT-030,DTG3,3955,100.0,17.0,turn_anchored,12.16,198.74671998022194,3.66,20.66,17.0,0.0,False,3.37,22.15,18.78,1.7800000000000011,2,
SWEAT_031DTG TRIAL,SWEAT-031,DTG_TRIAL,1680,100.0,17.0,turn_anchored,8.66,237.1288570599429,0.16,16.79,16.63,-0.370000000000001,True,0.0,16.79,16.79,-0.21000000000000085,1,
SWEAT_031DTG1,SWEAT-031,DTG1,1870,100.0,18.0,turn_anchored,9.11,251.2412301859464,0.11,18.11,18.0,0.0,False,0.31,18.69,18.38,0.379999999999999,1,
SWEAT_031DTG2,SWEAT-031,DTG2,3521,100.0,14.0,turn_anchored,30.27,683.7229127855909,23.27,35.2,11.93,-2.0700000000000003,True,5.81,34.49,28.68,14.68,1,
SWEAT_031DTG3,SWEAT-031,DTG3,4482,100.0,15.0,turn_anchored,15.18,348.8756846007941,7.68,22.68,15.0,0.0,False,4.89,29.59,24.7,9.7,2,
SWEAT_032DTG TRIAL,SWEAT-032,DTG_TRIAL,4739,100.0,29.0,turn_anchored,20.5,217.14302593813625,6.0,35.0,29.0,0.0,False,3.52,38.35,34.83,5.829999999999998,2,Didn't complete Test 3
SWEAT_032DTG1,SWEAT-032,DTG1,4368,100.0,23.0,turn_anchored,14.75,210.4625899245383,3.25,26.25,23.0,0.0,False,3.8,33.25,29.45,6.449999999999999,3,Didn't complete Test 3
SWEAT_032DTG2,SWEAT-032,DTG2,2228,100.0,22.0,turn_anchored,10.3,238.7118488258274,0.0,21.3,21.3,-0.6999999999999993,True,1.62,15.71,14.09,-7.91,2,Didn't complete Test 3
SWEAT_033DTG TRIAL,SWEAT-033,DTG_TRIAL,1920,100.0,19.0,turn_anchored,9.54,183.98466886804837,0.04,19.04,19.0,0.0,False,0.47,18.97,18.5,-0.5,1,
SWEAT_033DTG1,SWEAT-033,DTG1,1991,100.0,20.0,turn_anchored,9.24,198.59231198730177,0.0,19.24,19.24,-0.7600000000000016,True,0.01,19.9,19.89,-0.10999999999999943,1,
SWEAT_033DTG2,SWEAT-033,DTG2,1764,100.0,18.0,turn_anchored,8.48,212.89612038441948,0.0,17.48,17.48,-0.5199999999999996,True,0.0,17.63,17.63,-0.370000000000001,1,
SWEAT_033DTG3,SWEAT-033,DTG3,2869,100.0,18.0,turn_anchored,14.35,186.56266599418151,5.35,23.35,18.0,0.0,False,5.43,28.68,23.25,5.25,1,
SWEAT_034DTG TRIAL,SWEAT-034,DTG_TRIAL,2142,100.0,22.0,turn_anchored,10.54,261.8011734270411,0.0,21.41,21.41,-0.5899999999999999,True,7.07,21.08,14.01,-7.99,2,
SWEAT_034DTG1,SWEAT-034,DTG1,1545,100.0,16.0,turn_anchored,7.65,263.27497299289854,0.0,15.44,15.44,-0.5600000000000005,True,0.46,15.44,14.98,-1.0199999999999996,1,
SWEAT_034DTG2,SWEAT-034,DTG2,3065,100.0,19.0,turn_anchored,15.39,236.8429787750686,5.89,24.89,19.0,0.0,False,5.45,30.64,25.19,6.190000000000001,1,
SWEAT_034DTG3,SWEAT-034,DTG3,3678,100.0,16.0,turn_anchored,31.66,1342.5871046190557,23.66,36.77,13.11,-2.8900000000000006,True,4.88,35.22,30.34,14.34,1,
SWEAT_035DTG TRIAL,SWEAT-035,DTG_TRIAL,3482,100.0,24.0,turn_anchored,16.19,259.56678309561914,4.19,28.19,24.0,0.0,False,3.6,30.83,27.23,3.2300000000000004,2,
SWEAT_035DTG1,SWEAT-035,DTG1,3964,100.0,22.0,turn_anchored,8.62,2767.616579414122,0.0,19.62,19.62,-2.379999999999999,True,0.0,15.19,15.19,-6.8100000000000005,5,
SWEAT_035DTG2,SWEAT-035,DTG2,3339,100.0,23.0,turn_anchored,16.32,216.40873150651106,4.82,27.82,23.0,0.0,False,5.1,33.38,28.28,5.280000000000001,1,
SWEAT_035DTG3,SWEAT-035,DTG3,4155,100.0,20.0,turn_anchored,36.96,1197.1512142884474,26.96,41.54,14.58,-5.42,True,7.0,40.79,33.79,13.79,1,
SWEAT_036DTG TRIAL,SWEAT-036,DTG_TRIAL,2755,100.0,24.0,turn_anchored,13.52,133.06669045915737,1.52,25.52,24.0,0.0,False,2.21,15.02,12.81,-11.19,2,
SWEAT_036DTG1,SWEAT-036,DTG1,2323,100.0,20.0,turn_anchored,10.85,234.93121319470828,0.85,20.85,20.0,0.0,False,1.7,22.2,20.5,0.5,1,
SWEAT_036DTG2,SWEAT-036,DTG2,2387,100.0,19.0,turn_anchored,10.55,276.0275398745867,1.05,20.05,19.0,0.0,False,1.38,22.12,20.74,1.7399999999999984,1,
SWEAT_036DTG3,SWEAT-036,DTG3,2264,100.0,18.0,turn_anchored,10.23,197.2327435696637,1.23,19.23,18.0,0.0,False,2.38,22.1,19.72,1.7199999999999989,1,
SWEAT_037DTG TRIAL,SWEAT-037,DTG_TRIAL,2591,100.0,19.0,turn_anchored,11.29,262.09649932598415,1.79,20.79,19.0,0.0,False,2.16,22.7,20.54,1.5399999999999991,1,
SWEAT_037DTG1,SWEAT-037,DTG1,2206,100.0,16.0,turn_anchored,9.65,225.86226130857315,1.65,17.65,16.0,0.0,False,2.06,19.8,17.74,1.7399999999999984,1,
SWEAT_037DTG2,SWEAT-037,DTG2,2023,100.0,15.0,turn_anchored,8.8,223.71887275025784,1.3,16.3,15.0,0.0,False,1.76,17.73,15.97,0.9700000000000006,1,
SWEAT_037DTG3,SWEAT-037,DTG3,1981,100.0,15.0,turn_anchored,8.93,226.7109308899269,1.43,16.43,15.0,0.0,False,1.71,17.51,15.8,0.8000000000000007,1,
SWEAT_038DTG TRIAL,SWEAT-038,DTG_TRIAL,2730,100.0,24.0,turn_anchored,14.68,176.99260946922803,2.68,26.68,24.0,0.0,False,1.56,22.02,20.46,-3.539999999999999,2,
SWEAT_038DTG1,SWEAT-038,DTG1,3419,100.0,26.0,turn_anchored,13.69,233.28930541408803,0.69,26.69,26.0,0.0,False,1.35,22.46,21.11,-4.890000000000001,3,
SWEAT_038DTG2,SWEAT-038,DTG2,2320,100.0,20.0,turn_anchored,11.21,287.9719907666175,1.21,21.21,20.0,0.0,False,1.63,18.99,17.36,-2.6400000000000006,2,
SWEAT_038DTG3,SWEAT-038,DTG3,3145,100.0,19.0,turn_anchored,9.84,280.16695910178095,0.34,19.34,19.0,0.0,False,1.15,23.71,22.56,3.5599999999999987,2,
SWEAT_039DTG TRIAL,SWEAT-039,DTG_TRIAL,2448,100.0,21.0,turn_anchored,12.14,262.21209722291167,1.64,22.64,21.0,0.0,False,1.92,24.18,22.26,1.2600000000000016,1,Only 20 mins between Test 2 Cog and Test 3 Balance
SWEAT_039DTG1,SWEAT-039,DTG1,2181,100.0,19.0,turn_anchored,10.48,239.05307614942342,0.98,19.98,19.0,0.0,False,1.86,21.8,19.94,0.9400000000000013,1,Only 20 mins between Test 2 Cog and Test 3 Balance
SWEAT_039DTG2,SWEAT-039,DTG2,2166,100.0,19.0,turn_anchored,9.79,304.1418856332261,0.29,19.29,19.0,0.0,False,1.5,15.49,13.99,-5.01,2,Only 20 mins between Test 2 Cog and Test 3 Balance
SWEAT_039DTG3,SWEAT-039,DTG3,2857,100.0,17.0,turn_anchored,10.09,261.9313619948275,1.59,18.59,17.0,0.0,False,0.85,23.02,22.17,5.170000000000002,1,Only 20 mins between Test 2 Cog and Test 3 Balance
